,Date,Doctor,Device,Name,NIHSS,ABCD2,DHI-S,Exam,Mode,Speed,Userdefined speed,Sine,Reverse,Lie
0,2021/08/31/13:49:23,neurobit,[1] PC Camera: 4315d437-5b8c-11d0-bd3b-00a0c911ce86,1722374000,-1,-1,-1,Auto Sequence,10 : 9 Gaze Motility,4 :User defined,6,False,False,False
1,Data,,,,,,,,,,,,,
2,timestamp,X,Y,,,,,,,,,,,
3,0,1.32547864506627,1.3,,,,,,,,,,,
4,1,1.32547864506627,1.3,,,,,,,,,,,
5,2,1.32547864506627,1.3,,,,,,,,,,,
6,3,1.32547864506627,1.3,,,,,,,,,,,
7,4,1.32547864506627,1.3,,,,,,,,,,,
8,5,1.32547864506627,1.3,,,,,,,,,,,
9,6,1.32547864506627,1.3,,,,,,,,,,,
10,7,1.32547864506627,1.3,,,,,,,,,,,
11,8,1.32547864506627,1.3,,,,,,,,,,,
12,9,1.32547864506627,1.3,,,,,,,,,,,
13,10,1.32547864506627,1.3,,,,,,,,,,,
14,11,1.32547864506627,1.3,,,,,,,,,,,
15,12,1.32547864506627,1.3,,,,,,,,,,,
16,13,1.32547864506627,1.3,,,,,,,,,,,
17,14,1.32547864506627,1.3,,,,,,,,,,,
18,15,1.32547864506627,1.3,,,,,,,,,,,
19,16,1.32547864506627,1.3,,,,,,,,,,,
20,17,1.32547864506627,1.3,,,,,,,,,,,
21,18,1.32547864506627,1.3,,,,,,,,,,,
22,19,1.32547864506627,1.3,,,,,,,,,,,
23,20,1.32547864506627,1.3,,,,,,,,,,,
24,21,1.32547864506627,1.3,,,,,,,,,,,
25,22,1.32547864506627,1.3,,,,,,,,,,,
26,23,1.32547864506627,1.3,,,,,,,,,,,
27,24,1.32547864506627,1.3,,,,,,,,,,,
28,25,1.32547864506627,1.3,,,,,,,,,,,
29,26,1.32547864506627,1.3,,,,,,,,,,,
30,27,1.32547864506627,1.3,,,,,,,,,,,
31,28,1.32547864506627,1.3,,,,,,,,,,,
32,29,1.32547864506627,1.3,,,,,,,,,,,
33,30,1.32547864506627,1.3,,,,,,,,,,,
34,31,1.32547864506627,1.3,,,,,,,,,,,
35,32,1.32547864506627,1.3,,,,,,,,,,,
36,33,1.32547864506627,1.3,,,,,,,,,,,
37,34,1.32547864506627,1.3,,,,,,,,,,,
38,35,1.32547864506627,1.3,,,,,,,,,,,
39,36,1.32547864506627,1.3,,,,,,,,,,,
40,37,1.32547864506627,1.3,,,,,,,,,,,
41,38,1.32547864506627,1.3,,,,,,,,,,,
42,39,1.32547864506627,1.3,,,,,,,,,,,
43,40,1.32547864506627,1.3,,,,,,,,,,,
44,41,1.32547864506627,1.3,,,,,,,,,,,
45,42,1.32547864506627,1.3,,,,,,,,,,,
46,43,1.32547864506627,1.3,,,,,,,,,,,
47,44,1.32547864506627,1.3,,,,,,,,,,,
48,45,1.32547864506627,1.3,,,,,,,,,,,
49,46,1.32547864506627,1.3,,,,,,,,,,,
50,47,1.32547864506627,1.3,,,,,,,,,,,
51,48,1.32547864506627,1.3,,,,,,,,,,,
52,49,1.32547864506627,1.3,,,,,,,,,,,
53,50,1.32547864506627,1.3,,,,,,,,,,,
54,51,1.32547864506627,1.3,,,,,,,,,,,
55,52,1.32547864506627,1.3,,,,,,,,,,,
56,53,1.32547864506627,1.3,,,,,,,,,,,
57,54,1.32547864506627,1.3,,,,,,,,,,,
58,55,1.32547864506627,1.3,,,,,,,,,,,
59,56,1.32547864506627,1.3,,,,,,,,,,,
60,57,1.32547864506627,1.3,,,,,,,,,,,
61,58,1.32547864506627,1.3,,,,,,,,,,,
62,59,1.32547864506627,1.3,,,,,,,,,,,
63,60,1.32547864506627,1.3,,,,,,,,,,,
64,61,1.32547864506627,1.3,,,,,,,,,,,
65,62,1.32547864506627,1.3,,,,,,,,,,,
66,63,1.32547864506627,1.3,,,,,,,,,,,
67,64,1.32547864506627,1.3,,,,,,,,,,,
68,65,1.32547864506627,1.3,,,,,,,,,,,
69,66,1.32547864506627,1.3,,,,,,,,,,,
70,67,1.32547864506627,1.3,,,,,,,,,,,
71,68,1.32547864506627,1.3,,,,,,,,,,,
72,69,1.32547864506627,1.3,,,,,,,,,,,
73,70,1.32547864506627,1.3,,,,,,,,,,,
74,71,1.32547864506627,1.3,,,,,,,,,,,
75,72,1.32547864506627,1.3,,,,,,,,,,,
76,73,1.32547864506627,1.3,,,,,,,,,,,
77,74,1.32547864506627,1.3,,,,,,,,,,,
78,75,1.32547864506627,1.3,,,,,,,,,,,
79,76,1.32547864506627,1.3,,,,,,,,,,,
80,77,1.32547864506627,1.3,,,,,,,,,,,
81,78,1.32547864506627,1.3,,,,,,,,,,,
82,79,1.32547864506627,1.3,,,,,,,,,,,
83,80,1.32547864506627,1.3,,,,,,,,,,,
84,81,1.32547864506627,1.3,,,,,,,,,,,
85,82,1.32547864506627,1.3,,,,,,,,,,,
86,83,1.32547864506627,1.3,,,,,,,,,,,
87,84,1.32547864506627,1.3,,,,,,,,,,,
88,85,1.32547864506627,1.3,,,,,,,,,,,
89,86,1.32547864506627,1.3,,,,,,,,,,,
90,87,1.32547864506627,1.3,,,,,,,,,,,
91,88,1.32547864506627,1.3,,,,,,,,,,,
92,89,1.32547864506627,1.3,,,,,,,,,,,
93,90,1.32547864506627,1.3,,,,,,,,,,,
94,91,1.32547864506627,1.3,,,,,,,,,,,
95,92,1.32547864506627,1.3,,,,,,,,,,,
96,93,1.32547864506627,1.3,,,,,,,,,,,
97,94,1.32547864506627,1.3,,,,,,,,,,,
98,95,1.32547864506627,1.3,,,,,,,,,,,
99,96,1.32547864506627,1.3,,,,,,,,,,,
100,97,1.32547864506627,1.3,,,,,,,,,,,
101,98,1.32547864506627,1.3,,,,,,,,,,,
102,99,1.32547864506627,1.3,,,,,,,,,,,
103,100,1.32547864506627,1.3,,,,,,,,,,,
104,101,1.32547864506627,1.3,,,,,,,,,,,
105,102,1.32547864506627,1.3,,,,,,,,,,,
106,103,1.32547864506627,1.3,,,,,,,,,,,
107,104,1.32547864506627,1.3,,,,,,,,,,,
108,105,1.32547864506627,1.3,,,,,,,,,,,
109,106,1.32547864506627,1.3,,,,,,,,,,,
110,107,1.32547864506627,1.3,,,,,,,,,,,
111,108,1.32547864506627,1.3,,,,,,,,,,,
112,109,1.32547864506627,1.3,,,,,,,,,,,
113,110,1.32547864506627,1.3,,,,,,,,,,,
114,111,1.32547864506627,1.3,,,,,,,,,,,
115,112,1.32547864506627,1.3,,,,,,,,,,,
116,113,1.32547864506627,1.3,,,,,,,,,,,
117,114,1.32547864506627,1.3,,,,,,,,,,,
118,115,1.32547864506627,1.3,,,,,,,,,,,
119,116,1.32547864506627,1.3,,,,,,,,,,,
120,117,1.32547864506627,1.3,,,,,,,,,,,
121,118,1.32547864506627,1.3,,,,,,,,,,,
122,119,1.32547864506627,1.3,,,,,,,,,,,
123,120,1.32547864506627,1.3,,,,,,,,,,,
124,121,1.32547864506627,1.3,,,,,,,,,,,
125,122,1.32547864506627,1.3,,,,,,,,,,,
126,123,1.32547864506627,1.3,,,,,,,,,,,
127,124,1.32547864506627,1.3,,,,,,,,,,,
128,125,1.32547864506627,1.3,,,,,,,,,,,
129,126,1.32547864506627,1.3,,,,,,,,,,,
130,127,0,0,,,,,,,,,,,
131,128,0,0,,,,,,,,,,,
132,129,0,0,,,,,,,,,,,
133,130,0,0,,,,,,,,,,,
134,131,0,0,,,,,,,,,,,
135,132,0,0,,,,,,,,,,,
136,133,0,0,,,,,,,,,,,
137,134,0,0,,,,,,,,,,,
138,135,0,0,,,,,,,,,,,
139,136,0,0,,,,,,,,,,,
140,137,0,0,,,,,,,,,,,
141,138,0,0,,,,,,,,,,,
142,139,0,0,,,,,,,,,,,
143,140,0,0,,,,,,,,,,,
144,141,0,0,,,,,,,,,,,
145,142,0,0,,,,,,,,,,,
146,143,0,0,,,,,,,,,,,
147,144,0,0,,,,,,,,,,,
148,145,0,0,,,,,,,,,,,
149,146,0,0,,,,,,,,,,,
150,147,0,0,,,,,,,,,,,
151,148,0,0,,,,,,,,,,,
152,149,0,0,,,,,,,,,,,
153,150,0,0,,,,,,,,,,,
154,151,0,0,,,,,,,,,,,
155,152,0,0,,,,,,,,,,,
156,153,0,0,,,,,,,,,,,
157,154,0,0,,,,,,,,,,,
158,155,0,0,,,,,,,,,,,
159,156,0,0,,,,,,,,,,,
160,157,0,0,,,,,,,,,,,
161,158,0,0,,,,,,,,,,,
162,159,0,0,,,,,,,,,,,
163,160,0,0,,,,,,,,,,,
164,161,0,0,,,,,,,,,,,
165,162,0,0,,,,,,,,,,,
166,163,0,0,,,,,,,,,,,
167,164,0,0,,,,,,,,,,,
168,165,0,0,,,,,,,,,,,
169,166,0,0,,,,,,,,,,,
170,167,0,0,,,,,,,,,,,
171,168,0,0,,,,,,,,,,,
172,169,0,0,,,,,,,,,,,
173,170,0,0,,,,,,,,,,,
174,171,0,0,,,,,,,,,,,
175,172,0,0,,,,,,,,,,,
176,173,0,0,,,,,,,,,,,
177,174,0,0,,,,,,,,,,,
178,175,0,0,,,,,,,,,,,
179,176,0,0,,,,,,,,,,,
180,177,0,0,,,,,,,,,,,
181,178,0,0,,,,,,,,,,,
182,179,0,0,,,,,,,,,,,
183,180,0,0,,,,,,,,,,,
184,181,0,0,,,,,,,,,,,
185,182,0,0,,,,,,,,,,,
186,183,0,0,,,,,,,,,,,
187,184,0,0,,,,,,,,,,,
188,185,0,0,,,,,,,,,,,
189,186,0,0,,,,,,,,,,,
190,187,0,0,,,,,,,,,,,
191,188,0,0,,,,,,,,,,,
192,189,0,0,,,,,,,,,,,
193,190,0,0,,,,,,,,,,,
194,191,0,0,,,,,,,,,,,
195,192,0,0,,,,,,,,,,,
196,193,0,0,,,,,,,,,,,
197,194,0,0,,,,,,,,,,,
198,195,0,0,,,,,,,,,,,
199,196,0,0,,,,,,,,,,,
200,197,0,0,,,,,,,,,,,
201,198,0,0,,,,,,,,,,,
202,199,0,0,,,,,,,,,,,
203,200,0,0,,,,,,,,,,,
204,201,0,0,,,,,,,,,,,
205,202,0,0,,,,,,,,,,,
206,203,0,0,,,,,,,,,,,
207,204,0,0,,,,,,,,,,,
208,205,0,0,,,,,,,,,,,
209,206,0,0,,,,,,,,,,,
210,207,0,0,,,,,,,,,,,
211,208,0,0,,,,,,,,,,,
212,209,0,0,,,,,,,,,,,
213,210,0,0,,,,,,,,,,,
214,211,0,0,,,,,,,,,,,
215,212,0,0,,,,,,,,,,,
216,213,0,0,,,,,,,,,,,
217,214,0,0,,,,,,,,,,,
218,215,0,0,,,,,,,,,,,
219,216,0,0,,,,,,,,,,,
220,217,0,0,,,,,,,,,,,
221,218,0,0,,,,,,,,,,,
222,219,0,0,,,,,,,,,,,
223,220,0,0,,,,,,,,,,,
224,221,0,0,,,,,,,,,,,
225,222,0,0,,,,,,,,,,,
226,223,0,0,,,,,,,,,,,
227,224,0,0,,,,,,,,,,,
228,225,0,0,,,,,,,,,,,
229,226,0,0,,,,,,,,,,,
230,227,0,0,,,,,,,,,,,
231,228,0,0,,,,,,,,,,,
232,229,0,0,,,,,,,,,,,
233,230,0,0,,,,,,,,,,,
234,231,0,0,,,,,,,,,,,
235,232,0,0,,,,,,,,,,,
236,233,0,0,,,,,,,,,,,
237,234,0,0,,,,,,,,,,,
238,235,0,0,,,,,,,,,,,
239,236,0,0,,,,,,,,,,,
240,237,0,0,,,,,,,,,,,
241,238,0,0,,,,,,,,,,,
242,239,0,0,,,,,,,,,,,
243,240,0,0,,,,,,,,,,,
244,241,0,0,,,,,,,,,,,
245,242,0,0,,,,,,,,,,,
246,243,0,0,,,,,,,,,,,
247,244,0,0,,,,,,,,,,,
248,245,0,0,,,,,,,,,,,
249,246,0,0,,,,,,,,,,,
250,247,0,0,,,,,,,,,,,
251,248,0,0,,,,,,,,,,,
252,249,0,0,,,,,,,,,,,
253,250,0,0,,,,,,,,,,,
254,251,0,0,,,,,,,,,,,
255,252,0,0,,,,,,,,,,,
256,253,0,0,,,,,,,,,,,
257,254,0,0,,,,,,,,,,,
258,255,0,-10.4,,,,,,,,,,,
259,256,0,-10.4,,,,,,,,,,,
260,257,0,-10.4,,,,,,,,,,,
261,258,0,-10.4,,,,,,,,,,,
262,259,0,-10.4,,,,,,,,,,,
263,260,0,-10.4,,,,,,,,,,,
264,261,0,-10.4,,,,,,,,,,,
265,262,0,-10.4,,,,,,,,,,,
266,263,0,-10.4,,,,,,,,,,,
267,264,0,-10.4,,,,,,,,,,,
268,265,0,-10.4,,,,,,,,,,,
269,266,0,-10.4,,,,,,,,,,,
270,267,0,-10.4,,,,,,,,,,,
271,268,0,-10.4,,,,,,,,,,,
272,269,0,-10.4,,,,,,,,,,,
273,270,0,-10.4,,,,,,,,,,,
274,271,0,-10.4,,,,,,,,,,,
275,272,0,-10.4,,,,,,,,,,,
276,273,0,-10.4,,,,,,,,,,,
277,274,0,-10.4,,,,,,,,,,,
278,275,0,-10.4,,,,,,,,,,,
279,276,0,-10.4,,,,,,,,,,,
280,277,0,-10.4,,,,,,,,,,,
281,278,0,-10.4,,,,,,,,,,,
282,279,0,-10.4,,,,,,,,,,,
283,280,0,-10.4,,,,,,,,,,,
284,281,0,-10.4,,,,,,,,,,,
285,282,0,-10.4,,,,,,,,,,,
286,283,0,-10.4,,,,,,,,,,,
287,284,0,-10.4,,,,,,,,,,,
288,285,0,-10.4,,,,,,,,,,,
289,286,0,-10.4,,,,,,,,,,,
290,287,0,-10.4,,,,,,,,,,,
291,288,0,-10.4,,,,,,,,,,,
292,289,0,-10.4,,,,,,,,,,,
293,290,0,-10.4,,,,,,,,,,,
294,291,0,-10.4,,,,,,,,,,,
295,292,0,-10.4,,,,,,,,,,,
296,293,0,-10.4,,,,,,,,,,,
297,294,0,-10.4,,,,,,,,,,,
298,295,0,-10.4,,,,,,,,,,,
299,296,0,-10.4,,,,,,,,,,,
300,297,0,-10.4,,,,,,,,,,,
301,298,0,-10.4,,,,,,,,,,,
302,299,0,-10.4,,,,,,,,,,,
303,300,0,-10.4,,,,,,,,,,,
304,301,0,-10.4,,,,,,,,,,,
305,302,0,-10.4,,,,,,,,,,,
306,303,0,-10.4,,,,,,,,,,,
307,304,0,-10.4,,,,,,,,,,,
308,305,0,-10.4,,,,,,,,,,,
309,306,0,-10.4,,,,,,,,,,,
310,307,0,-10.4,,,,,,,,,,,
311,308,0,-10.4,,,,,,,,,,,
312,309,0,-10.4,,,,,,,,,,,
313,310,0,-10.4,,,,,,,,,,,
314,311,0,-10.4,,,,,,,,,,,
315,312,0,-10.4,,,,,,,,,,,
316,313,0,-10.4,,,,,,,,,,,
317,314,0,-10.4,,,,,,,,,,,
318,315,0,-10.4,,,,,,,,,,,
319,316,0,-10.4,,,,,,,,,,,
320,317,0,-10.4,,,,,,,,,,,
321,318,0,-10.4,,,,,,,,,,,
322,319,0,-10.4,,,,,,,,,,,
323,320,0,-10.4,,,,,,,,,,,
324,321,0,-10.4,,,,,,,,,,,
325,322,0,-10.4,,,,,,,,,,,
326,323,0,-10.4,,,,,,,,,,,
327,324,0,-10.4,,,,,,,,,,,
328,325,0,-10.4,,,,,,,,,,,
329,326,0,-10.4,,,,,,,,,,,
330,327,0,-10.4,,,,,,,,,,,
331,328,0,-10.4,,,,,,,,,,,
332,329,0,-10.4,,,,,,,,,,,
333,330,0,-10.4,,,,,,,,,,,
334,331,0,-10.4,,,,,,,,,,,
335,332,0,-10.4,,,,,,,,,,,
336,333,0,-10.4,,,,,,,,,,,
337,334,0,-10.4,,,,,,,,,,,
338,335,0,-10.4,,,,,,,,,,,
339,336,0,-10.4,,,,,,,,,,,
340,337,0,-10.4,,,,,,,,,,,
341,338,0,-10.4,,,,,,,,,,,
342,339,0,-10.4,,,,,,,,,,,
343,340,0,-10.4,,,,,,,,,,,
344,341,0,-10.4,,,,,,,,,,,
345,342,0,-10.4,,,,,,,,,,,
346,343,0,-10.4,,,,,,,,,,,
347,344,0,-10.4,,,,,,,,,,,
348,345,0,-10.4,,,,,,,,,,,
349,346,0,-10.4,,,,,,,,,,,
350,347,0,-10.4,,,,,,,,,,,
351,348,0,-10.4,,,,,,,,,,,
352,349,0,-10.4,,,,,,,,,,,
353,350,0,-10.4,,,,,,,,,,,
354,351,0,-10.4,,,,,,,,,,,
355,352,0,-10.4,,,,,,,,,,,
356,353,0,-10.4,,,,,,,,,,,
357,354,0,-10.4,,,,,,,,,,,
358,355,0,-10.4,,,,,,,,,,,
359,356,0,-10.4,,,,,,,,,,,
360,357,0,-10.4,,,,,,,,,,,
361,358,0,-10.4,,,,,,,,,,,
362,359,0,-10.4,,,,,,,,,,,
363,360,0,-10.4,,,,,,,,,,,
364,361,0,-10.4,,,,,,,,,,,
365,362,0,-10.4,,,,,,,,,,,
366,363,0,-10.4,,,,,,,,,,,
367,364,0,-10.4,,,,,,,,,,,
368,365,0,-10.4,,,,,,,,,,,
369,366,0,-10.4,,,,,,,,,,,
370,367,0,-10.4,,,,,,,,,,,
371,368,0,-10.4,,,,,,,,,,,
372,369,0,-10.4,,,,,,,,,,,
373,370,0,-10.4,,,,,,,,,,,
374,371,0,-10.4,,,,,,,,,,,
375,372,0,-10.4,,,,,,,,,,,
376,373,0,-10.4,,,,,,,,,,,
377,374,0,-10.4,,,,,,,,,,,
378,375,0,-10.4,,,,,,,,,,,
379,376,0,-10.4,,,,,,,,,,,
380,377,0,-10.4,,,,,,,,,,,
381,378,0,-10.4,,,,,,,,,,,
382,379,0,-10.4,,,,,,,,,,,
383,380,0,-10.4,,,,,,,,,,,
384,381,0,-10.4,,,,,,,,,,,
385,382,0,-10.4,,,,,,,,,,,
386,383,0,10.4,,,,,,,,,,,
387,384,0,10.4,,,,,,,,,,,
388,385,0,10.4,,,,,,,,,,,
389,386,0,10.4,,,,,,,,,,,
390,387,0,10.4,,,,,,,,,,,
391,388,0,10.4,,,,,,,,,,,
392,389,0,10.4,,,,,,,,,,,
393,390,0,10.4,,,,,,,,,,,
394,391,0,10.4,,,,,,,,,,,
395,392,0,10.4,,,,,,,,,,,
396,393,0,10.4,,,,,,,,,,,
397,394,0,10.4,,,,,,,,,,,
398,395,0,10.4,,,,,,,,,,,
399,396,0,10.4,,,,,,,,,,,
400,397,0,10.4,,,,,,,,,,,
401,398,0,10.4,,,,,,,,,,,
402,399,0,10.4,,,,,,,,,,,
403,400,0,10.4,,,,,,,,,,,
404,401,0,10.4,,,,,,,,,,,
405,402,0,10.4,,,,,,,,,,,
406,403,0,10.4,,,,,,,,,,,
407,404,0,10.4,,,,,,,,,,,
408,405,0,10.4,,,,,,,,,,,
409,406,0,10.4,,,,,,,,,,,
410,407,0,10.4,,,,,,,,,,,
411,408,0,10.4,,,,,,,,,,,
412,409,0,10.4,,,,,,,,,,,
413,410,0,10.4,,,,,,,,,,,
414,411,0,10.4,,,,,,,,,,,
415,412,0,10.4,,,,,,,,,,,
416,413,0,10.4,,,,,,,,,,,
417,414,0,10.4,,,,,,,,,,,
418,415,0,10.4,,,,,,,,,,,
419,416,0,10.4,,,,,,,,,,,
420,417,0,10.4,,,,,,,,,,,
421,418,0,10.4,,,,,,,,,,,
422,419,0,10.4,,,,,,,,,,,
423,420,0,10.4,,,,,,,,,,,
424,421,0,10.4,,,,,,,,,,,
425,422,0,10.4,,,,,,,,,,,
426,423,0,10.4,,,,,,,,,,,
427,424,0,10.4,,,,,,,,,,,
428,425,0,10.4,,,,,,,,,,,
429,426,0,10.4,,,,,,,,,,,
430,427,0,10.4,,,,,,,,,,,
431,428,0,10.4,,,,,,,,,,,
432,429,0,10.4,,,,,,,,,,,
433,430,0,10.4,,,,,,,,,,,
434,431,0,10.4,,,,,,,,,,,
435,432,0,10.4,,,,,,,,,,,
436,433,0,10.4,,,,,,,,,,,
437,434,0,10.4,,,,,,,,,,,
438,435,0,10.4,,,,,,,,,,,
439,436,0,10.4,,,,,,,,,,,
440,437,0,10.4,,,,,,,,,,,
441,438,0,10.4,,,,,,,,,,,
442,439,0,10.4,,,,,,,,,,,
443,440,0,10.4,,,,,,,,,,,
444,441,0,10.4,,,,,,,,,,,
445,442,0,10.4,,,,,,,,,,,
446,443,0,10.4,,,,,,,,,,,
447,444,0,10.4,,,,,,,,,,,
448,445,0,10.4,,,,,,,,,,,
449,446,0,10.4,,,,,,,,,,,
450,447,0,10.4,,,,,,,,,,,
451,448,0,10.4,,,,,,,,,,,
452,449,0,10.4,,,,,,,,,,,
453,450,0,10.4,,,,,,,,,,,
454,451,0,10.4,,,,,,,,,,,
455,452,0,10.4,,,,,,,,,,,
456,453,0,10.4,,,,,,,,,,,
457,454,0,10.4,,,,,,,,,,,
458,455,0,10.4,,,,,,,,,,,
459,456,0,10.4,,,,,,,,,,,
460,457,0,10.4,,,,,,,,,,,
461,458,0,10.4,,,,,,,,,,,
462,459,0,10.4,,,,,,,,,,,
463,460,0,10.4,,,,,,,,,,,
464,461,0,10.4,,,,,,,,,,,
465,462,0,10.4,,,,,,,,,,,
466,463,0,10.4,,,,,,,,,,,
467,464,0,10.4,,,,,,,,,,,
468,465,0,10.4,,,,,,,,,,,
469,466,0,10.4,,,,,,,,,,,
470,467,0,10.4,,,,,,,,,,,
471,468,0,10.4,,,,,,,,,,,
472,469,0,10.4,,,,,,,,,,,
473,470,0,10.4,,,,,,,,,,,
474,471,0,10.4,,,,,,,,,,,
475,472,0,10.4,,,,,,,,,,,
476,473,0,10.4,,,,,,,,,,,
477,474,0,10.4,,,,,,,,,,,
478,475,0,10.4,,,,,,,,,,,
479,476,0,10.4,,,,,,,,,,,
480,477,0,10.4,,,,,,,,,,,
481,478,0,10.4,,,,,,,,,,,
482,479,0,10.4,,,,,,,,,,,
483,480,0,10.4,,,,,,,,,,,
484,481,0,10.4,,,,,,,,,,,
485,482,0,10.4,,,,,,,,,,,
486,483,0,10.4,,,,,,,,,,,
487,484,0,10.4,,,,,,,,,,,
488,485,0,10.4,,,,,,,,,,,
489,486,0,10.4,,,,,,,,,,,
490,487,0,10.4,,,,,,,,,,,
491,488,0,10.4,,,,,,,,,,,
492,489,0,10.4,,,,,,,,,,,
493,490,0,10.4,,,,,,,,,,,
494,491,0,10.4,,,,,,,,,,,
495,492,0,10.4,,,,,,,,,,,
496,493,0,10.4,,,,,,,,,,,
497,494,0,10.4,,,,,,,,,,,
498,495,0,10.4,,,,,,,,,,,
499,496,0,10.4,,,,,,,,,,,
500,497,0,10.4,,,,,,,,,,,
501,498,0,10.4,,,,,,,,,,,
502,499,0,10.4,,,,,,,,,,,
503,500,0,10.4,,,,,,,,,,,
504,501,0,10.4,,,,,,,,,,,
505,502,0,10.4,,,,,,,,,,,
506,503,0,10.4,,,,,,,,,,,
507,504,0,10.4,,,,,,,,,,,
508,505,0,10.4,,,,,,,,,,,
509,506,0,10.4,,,,,,,,,,,
510,507,0,10.4,,,,,,,,,,,
511,508,0,10.4,,,,,,,,,,,
512,509,0,10.4,,,,,,,,,,,
513,510,0,10.4,,,,,,,,,,,
514,511,15.3411880216004,0,,,,,,,,,,,
515,512,15.3411880216004,0,,,,,,,,,,,
516,513,15.3411880216004,0,,,,,,,,,,,
517,514,15.3411880216004,0,,,,,,,,,,,
518,515,15.3411880216004,0,,,,,,,,,,,
519,516,15.3411880216004,0,,,,,,,,,,,
520,517,15.3411880216004,0,,,,,,,,,,,
521,518,15.3411880216004,0,,,,,,,,,,,
522,519,15.3411880216004,0,,,,,,,,,,,
523,520,15.3411880216004,0,,,,,,,,,,,
524,521,15.3411880216004,0,,,,,,,,,,,
525,522,15.3411880216004,0,,,,,,,,,,,
526,523,15.3411880216004,0,,,,,,,,,,,
527,524,15.3411880216004,0,,,,,,,,,,,
528,525,15.3411880216004,0,,,,,,,,,,,
529,526,15.3411880216004,0,,,,,,,,,,,
530,527,15.3411880216004,0,,,,,,,,,,,
531,528,15.3411880216004,0,,,,,,,,,,,
532,529,15.3411880216004,0,,,,,,,,,,,
533,530,15.3411880216004,0,,,,,,,,,,,
534,531,15.3411880216004,0,,,,,,,,,,,
535,532,15.3411880216004,0,,,,,,,,,,,
536,533,15.3411880216004,0,,,,,,,,,,,
537,534,15.3411880216004,0,,,,,,,,,,,
538,535,15.3411880216004,0,,,,,,,,,,,
539,536,15.3411880216004,0,,,,,,,,,,,
540,537,15.3411880216004,0,,,,,,,,,,,
541,538,15.3411880216004,0,,,,,,,,,,,
542,539,15.3411880216004,0,,,,,,,,,,,
543,540,15.3411880216004,0,,,,,,,,,,,
544,541,15.3411880216004,0,,,,,,,,,,,
545,542,15.3411880216004,0,,,,,,,,,,,
546,543,15.3411880216004,0,,,,,,,,,,,
547,544,15.3411880216004,0,,,,,,,,,,,
548,545,15.3411880216004,0,,,,,,,,,,,
549,546,15.3411880216004,0,,,,,,,,,,,
550,547,15.3411880216004,0,,,,,,,,,,,
551,548,15.3411880216004,0,,,,,,,,,,,
552,549,15.3411880216004,0,,,,,,,,,,,
553,550,15.3411880216004,0,,,,,,,,,,,
554,551,15.3411880216004,0,,,,,,,,,,,
555,552,15.3411880216004,0,,,,,,,,,,,
556,553,15.3411880216004,0,,,,,,,,,,,
557,554,15.3411880216004,0,,,,,,,,,,,
558,555,15.3411880216004,0,,,,,,,,,,,
559,556,15.3411880216004,0,,,,,,,,,,,
560,557,15.3411880216004,0,,,,,,,,,,,
561,558,15.3411880216004,0,,,,,,,,,,,
562,559,15.3411880216004,0,,,,,,,,,,,
563,560,15.3411880216004,0,,,,,,,,,,,
564,561,15.3411880216004,0,,,,,,,,,,,
565,562,15.3411880216004,0,,,,,,,,,,,
566,563,15.3411880216004,0,,,,,,,,,,,
567,564,15.3411880216004,0,,,,,,,,,,,
568,565,15.3411880216004,0,,,,,,,,,,,
569,566,15.3411880216004,0,,,,,,,,,,,
570,567,15.3411880216004,0,,,,,,,,,,,
571,568,15.3411880216004,0,,,,,,,,,,,
572,569,15.3411880216004,0,,,,,,,,,,,
573,570,15.3411880216004,0,,,,,,,,,,,
574,571,15.3411880216004,0,,,,,,,,,,,
575,572,15.3411880216004,0,,,,,,,,,,,
576,573,15.3411880216004,0,,,,,,,,,,,
577,574,15.3411880216004,0,,,,,,,,,,,
578,575,15.3411880216004,0,,,,,,,,,,,
579,576,15.3411880216004,0,,,,,,,,,,,
580,577,15.3411880216004,0,,,,,,,,,,,
581,578,15.3411880216004,0,,,,,,,,,,,
582,579,15.3411880216004,0,,,,,,,,,,,
583,580,15.3411880216004,0,,,,,,,,,,,
584,581,15.3411880216004,0,,,,,,,,,,,
585,582,15.3411880216004,0,,,,,,,,,,,
586,583,15.3411880216004,0,,,,,,,,,,,
587,584,15.3411880216004,0,,,,,,,,,,,
588,585,15.3411880216004,0,,,,,,,,,,,
589,586,15.3411880216004,0,,,,,,,,,,,
590,587,15.3411880216004,0,,,,,,,,,,,
591,588,15.3411880216004,0,,,,,,,,,,,
592,589,15.3411880216004,0,,,,,,,,,,,
593,590,15.3411880216004,0,,,,,,,,,,,
594,591,15.3411880216004,0,,,,,,,,,,,
595,592,15.3411880216004,0,,,,,,,,,,,
596,593,15.3411880216004,0,,,,,,,,,,,
597,594,15.3411880216004,0,,,,,,,,,,,
598,595,15.3411880216004,0,,,,,,,,,,,
599,596,15.3411880216004,0,,,,,,,,,,,
600,597,15.3411880216004,0,,,,,,,,,,,
601,598,15.3411880216004,0,,,,,,,,,,,
602,599,15.3411880216004,0,,,,,,,,,,,
603,600,15.3411880216004,0,,,,,,,,,,,
604,601,15.3411880216004,0,,,,,,,,,,,
605,602,15.3411880216004,0,,,,,,,,,,,
606,603,15.3411880216004,0,,,,,,,,,,,
607,604,15.3411880216004,0,,,,,,,,,,,
608,605,15.3411880216004,0,,,,,,,,,,,
609,606,15.3411880216004,0,,,,,,,,,,,
610,607,15.3411880216004,0,,,,,,,,,,,
611,608,15.3411880216004,0,,,,,,,,,,,
612,609,15.3411880216004,0,,,,,,,,,,,
613,610,15.3411880216004,0,,,,,,,,,,,
614,611,15.3411880216004,0,,,,,,,,,,,
615,612,15.3411880216004,0,,,,,,,,,,,
616,613,15.3411880216004,0,,,,,,,,,,,
617,614,15.3411880216004,0,,,,,,,,,,,
618,615,15.3411880216004,0,,,,,,,,,,,
619,616,15.3411880216004,0,,,,,,,,,,,
620,617,15.3411880216004,0,,,,,,,,,,,
621,618,15.3411880216004,0,,,,,,,,,,,
622,619,15.3411880216004,0,,,,,,,,,,,
623,620,15.3411880216004,0,,,,,,,,,,,
624,621,15.3411880216004,0,,,,,,,,,,,
625,622,15.3411880216004,0,,,,,,,,,,,
626,623,15.3411880216004,0,,,,,,,,,,,
627,624,15.3411880216004,0,,,,,,,,,,,
628,625,15.3411880216004,0,,,,,,,,,,,
629,626,15.3411880216004,0,,,,,,,,,,,
630,627,15.3411880216004,0,,,,,,,,,,,
631,628,15.3411880216004,0,,,,,,,,,,,
632,629,15.3411880216004,0,,,,,,,,,,,
633,630,15.3411880216004,0,,,,,,,,,,,
634,631,15.3411880216004,0,,,,,,,,,,,
635,632,15.3411880216004,0,,,,,,,,,,,
636,633,15.3411880216004,0,,,,,,,,,,,
637,634,15.3411880216004,0,,,,,,,,,,,
638,635,15.3411880216004,0,,,,,,,,,,,
639,636,15.3411880216004,0,,,,,,,,,,,
640,637,15.3411880216004,0,,,,,,,,,,,
641,638,15.3411880216004,0,,,,,,,,,,,
642,639,15.3411880216004,0,,,,,,,,,,,
643,640,-15.3411880216004,0,,,,,,,,,,,
644,641,-15.3411880216004,0,,,,,,,,,,,
645,642,-15.3411880216004,0,,,,,,,,,,,
646,643,-15.3411880216004,0,,,,,,,,,,,
647,644,-15.3411880216004,0,,,,,,,,,,,
648,645,-15.3411880216004,0,,,,,,,,,,,
649,646,-15.3411880216004,0,,,,,,,,,,,
650,647,-15.3411880216004,0,,,,,,,,,,,
651,648,-15.3411880216004,0,,,,,,,,,,,
652,649,-15.3411880216004,0,,,,,,,,,,,
653,650,-15.3411880216004,0,,,,,,,,,,,
654,651,-15.3411880216004,0,,,,,,,,,,,
655,652,-15.3411880216004,0,,,,,,,,,,,
656,653,-15.3411880216004,0,,,,,,,,,,,
657,654,-15.3411880216004,0,,,,,,,,,,,
658,655,-15.3411880216004,0,,,,,,,,,,,
659,656,-15.3411880216004,0,,,,,,,,,,,
660,657,-15.3411880216004,0,,,,,,,,,,,
661,658,-15.3411880216004,0,,,,,,,,,,,
662,659,-15.3411880216004,0,,,,,,,,,,,
663,660,-15.3411880216004,0,,,,,,,,,,,
664,661,-15.3411880216004,0,,,,,,,,,,,
665,662,-15.3411880216004,0,,,,,,,,,,,
666,663,-15.3411880216004,0,,,,,,,,,,,
667,664,-15.3411880216004,0,,,,,,,,,,,
668,665,-15.3411880216004,0,,,,,,,,,,,
669,666,-15.3411880216004,0,,,,,,,,,,,
670,667,-15.3411880216004,0,,,,,,,,,,,
671,668,-15.3411880216004,0,,,,,,,,,,,
672,669,-15.3411880216004,0,,,,,,,,,,,
673,670,-15.3411880216004,0,,,,,,,,,,,
674,671,-15.3411880216004,0,,,,,,,,,,,
675,672,-15.3411880216004,0,,,,,,,,,,,
676,673,-15.3411880216004,0,,,,,,,,,,,
677,674,-15.3411880216004,0,,,,,,,,,,,
678,675,-15.3411880216004,0,,,,,,,,,,,
679,676,-15.3411880216004,0,,,,,,,,,,,
680,677,-15.3411880216004,0,,,,,,,,,,,
681,678,-15.3411880216004,0,,,,,,,,,,,
682,679,-15.3411880216004,0,,,,,,,,,,,
683,680,-15.3411880216004,0,,,,,,,,,,,
684,681,-15.3411880216004,0,,,,,,,,,,,
685,682,-15.3411880216004,0,,,,,,,,,,,
686,683,-15.3411880216004,0,,,,,,,,,,,
687,684,-15.3411880216004,0,,,,,,,,,,,
688,685,-15.3411880216004,0,,,,,,,,,,,
689,686,-15.3411880216004,0,,,,,,,,,,,
690,687,-15.3411880216004,0,,,,,,,,,,,
691,688,-15.3411880216004,0,,,,,,,,,,,
692,689,-15.3411880216004,0,,,,,,,,,,,
693,690,-15.3411880216004,0,,,,,,,,,,,
694,691,-15.3411880216004,0,,,,,,,,,,,
695,692,-15.3411880216004,0,,,,,,,,,,,
696,693,-15.3411880216004,0,,,,,,,,,,,
697,694,-15.3411880216004,0,,,,,,,,,,,
698,695,-15.3411880216004,0,,,,,,,,,,,
699,696,-15.3411880216004,0,,,,,,,,,,,
700,697,-15.3411880216004,0,,,,,,,,,,,
701,698,-15.3411880216004,0,,,,,,,,,,,
702,699,-15.3411880216004,0,,,,,,,,,,,
703,700,-15.3411880216004,0,,,,,,,,,,,
704,701,-15.3411880216004,0,,,,,,,,,,,
705,702,-15.3411880216004,0,,,,,,,,,,,
706,703,-15.3411880216004,0,,,,,,,,,,,
707,704,-15.3411880216004,0,,,,,,,,,,,
708,705,-15.3411880216004,0,,,,,,,,,,,
709,706,-15.3411880216004,0,,,,,,,,,,,
710,707,-15.3411880216004,0,,,,,,,,,,,
711,708,-15.3411880216004,0,,,,,,,,,,,
712,709,-15.3411880216004,0,,,,,,,,,,,
713,710,-15.3411880216004,0,,,,,,,,,,,
714,711,-15.3411880216004,0,,,,,,,,,,,
715,712,-15.3411880216004,0,,,,,,,,,,,
716,713,-15.3411880216004,0,,,,,,,,,,,
717,714,-15.3411880216004,0,,,,,,,,,,,
718,715,-15.3411880216004,0,,,,,,,,,,,
719,716,-15.3411880216004,0,,,,,,,,,,,
720,717,-15.3411880216004,0,,,,,,,,,,,
721,718,-15.3411880216004,0,,,,,,,,,,,
722,719,-15.3411880216004,0,,,,,,,,,,,
723,720,-15.3411880216004,0,,,,,,,,,,,
724,721,-15.3411880216004,0,,,,,,,,,,,
725,722,-15.3411880216004,0,,,,,,,,,,,
726,723,-15.3411880216004,0,,,,,,,,,,,
727,724,-15.3411880216004,0,,,,,,,,,,,
728,725,-15.3411880216004,0,,,,,,,,,,,
729,726,-15.3411880216004,0,,,,,,,,,,,
730,727,-15.3411880216004,0,,,,,,,,,,,
731,728,-15.3411880216004,0,,,,,,,,,,,
732,729,-15.3411880216004,0,,,,,,,,,,,
733,730,-15.3411880216004,0,,,,,,,,,,,
734,731,-15.3411880216004,0,,,,,,,,,,,
735,732,-15.3411880216004,0,,,,,,,,,,,
736,733,-15.3411880216004,0,,,,,,,,,,,
737,734,-15.3411880216004,0,,,,,,,,,,,
738,735,-15.3411880216004,0,,,,,,,,,,,
739,736,-15.3411880216004,0,,,,,,,,,,,
740,737,-15.3411880216004,0,,,,,,,,,,,
741,738,-15.3411880216004,0,,,,,,,,,,,
742,739,-15.3411880216004,0,,,,,,,,,,,
743,740,-15.3411880216004,0,,,,,,,,,,,
744,741,-15.3411880216004,0,,,,,,,,,,,
745,742,-15.3411880216004,0,,,,,,,,,,,
746,743,-15.3411880216004,0,,,,,,,,,,,
747,744,-15.3411880216004,0,,,,,,,,,,,
748,745,-15.3411880216004,0,,,,,,,,,,,
749,746,-15.3411880216004,0,,,,,,,,,,,
750,747,-15.3411880216004,0,,,,,,,,,,,
751,748,-15.3411880216004,0,,,,,,,,,,,
752,749,-15.3411880216004,0,,,,,,,,,,,
753,750,-15.3411880216004,0,,,,,,,,,,,
754,751,-15.3411880216004,0,,,,,,,,,,,
755,752,-15.3411880216004,0,,,,,,,,,,,
756,753,-15.3411880216004,0,,,,,,,,,,,
757,754,-15.3411880216004,0,,,,,,,,,,,
758,755,-15.3411880216004,0,,,,,,,,,,,
759,756,-15.3411880216004,0,,,,,,,,,,,
760,757,-15.3411880216004,0,,,,,,,,,,,
761,758,-15.3411880216004,0,,,,,,,,,,,
762,759,-15.3411880216004,0,,,,,,,,,,,
763,760,-15.3411880216004,0,,,,,,,,,,,
764,761,-15.3411880216004,0,,,,,,,,,,,
765,762,-15.3411880216004,0,,,,,,,,,,,
766,763,-15.3411880216004,0,,,,,,,,,,,
767,764,-15.3411880216004,0,,,,,,,,,,,
768,765,15.3411880216004,-10.4,,,,,,,,,,,
769,766,15.3411880216004,-10.4,,,,,,,,,,,
770,767,15.3411880216004,-10.4,,,,,,,,,,,
771,768,15.3411880216004,-10.4,,,,,,,,,,,
772,769,15.3411880216004,-10.4,,,,,,,,,,,
773,770,15.3411880216004,-10.4,,,,,,,,,,,
774,771,15.3411880216004,-10.4,,,,,,,,,,,
775,772,15.3411880216004,-10.4,,,,,,,,,,,
776,773,15.3411880216004,-10.4,,,,,,,,,,,
777,774,15.3411880216004,-10.4,,,,,,,,,,,
778,775,15.3411880216004,-10.4,,,,,,,,,,,
779,776,15.3411880216004,-10.4,,,,,,,,,,,
780,777,15.3411880216004,-10.4,,,,,,,,,,,
781,778,15.3411880216004,-10.4,,,,,,,,,,,
782,779,15.3411880216004,-10.4,,,,,,,,,,,
783,780,15.3411880216004,-10.4,,,,,,,,,,,
784,781,15.3411880216004,-10.4,,,,,,,,,,,
785,782,15.3411880216004,-10.4,,,,,,,,,,,
786,783,15.3411880216004,-10.4,,,,,,,,,,,
787,784,15.3411880216004,-10.4,,,,,,,,,,,
788,785,15.3411880216004,-10.4,,,,,,,,,,,
789,786,15.3411880216004,-10.4,,,,,,,,,,,
790,787,15.3411880216004,-10.4,,,,,,,,,,,
791,788,15.3411880216004,-10.4,,,,,,,,,,,
792,789,15.3411880216004,-10.4,,,,,,,,,,,
793,790,15.3411880216004,-10.4,,,,,,,,,,,
794,791,15.3411880216004,-10.4,,,,,,,,,,,
795,792,15.3411880216004,-10.4,,,,,,,,,,,
796,793,15.3411880216004,-10.4,,,,,,,,,,,
797,794,15.3411880216004,-10.4,,,,,,,,,,,
798,795,15.3411880216004,-10.4,,,,,,,,,,,
799,796,15.3411880216004,-10.4,,,,,,,,,,,
800,797,15.3411880216004,-10.4,,,,,,,,,,,
801,798,15.3411880216004,-10.4,,,,,,,,,,,
802,799,15.3411880216004,-10.4,,,,,,,,,,,
803,800,15.3411880216004,-10.4,,,,,,,,,,,
804,801,15.3411880216004,-10.4,,,,,,,,,,,
805,802,15.3411880216004,-10.4,,,,,,,,,,,
806,803,15.3411880216004,-10.4,,,,,,,,,,,
807,804,15.3411880216004,-10.4,,,,,,,,,,,
808,805,15.3411880216004,-10.4,,,,,,,,,,,
809,806,15.3411880216004,-10.4,,,,,,,,,,,
810,807,15.3411880216004,-10.4,,,,,,,,,,,
811,808,15.3411880216004,-10.4,,,,,,,,,,,
812,809,15.3411880216004,-10.4,,,,,,,,,,,
813,810,15.3411880216004,-10.4,,,,,,,,,,,
814,811,15.3411880216004,-10.4,,,,,,,,,,,
815,812,15.3411880216004,-10.4,,,,,,,,,,,
816,813,15.3411880216004,-10.4,,,,,,,,,,,
817,814,15.3411880216004,-10.4,,,,,,,,,,,
818,815,15.3411880216004,-10.4,,,,,,,,,,,
819,816,15.3411880216004,-10.4,,,,,,,,,,,
820,817,15.3411880216004,-10.4,,,,,,,,,,,
821,818,15.3411880216004,-10.4,,,,,,,,,,,
822,819,15.3411880216004,-10.4,,,,,,,,,,,
823,820,15.3411880216004,-10.4,,,,,,,,,,,
824,821,15.3411880216004,-10.4,,,,,,,,,,,
825,822,15.3411880216004,-10.4,,,,,,,,,,,
826,823,15.3411880216004,-10.4,,,,,,,,,,,
827,824,15.3411880216004,-10.4,,,,,,,,,,,
828,825,15.3411880216004,-10.4,,,,,,,,,,,
829,826,15.3411880216004,-10.4,,,,,,,,,,,
830,827,15.3411880216004,-10.4,,,,,,,,,,,
831,828,15.3411880216004,-10.4,,,,,,,,,,,
832,829,15.3411880216004,-10.4,,,,,,,,,,,
833,830,15.3411880216004,-10.4,,,,,,,,,,,
834,831,15.3411880216004,-10.4,,,,,,,,,,,
835,832,15.3411880216004,-10.4,,,,,,,,,,,
836,833,15.3411880216004,-10.4,,,,,,,,,,,
837,834,15.3411880216004,-10.4,,,,,,,,,,,
838,835,15.3411880216004,-10.4,,,,,,,,,,,
839,836,15.3411880216004,-10.4,,,,,,,,,,,
840,837,15.3411880216004,-10.4,,,,,,,,,,,
841,838,15.3411880216004,-10.4,,,,,,,,,,,
842,839,15.3411880216004,-10.4,,,,,,,,,,,
843,840,15.3411880216004,-10.4,,,,,,,,,,,
844,841,15.3411880216004,-10.4,,,,,,,,,,,
845,842,15.3411880216004,-10.4,,,,,,,,,,,
846,843,15.3411880216004,-10.4,,,,,,,,,,,
847,844,15.3411880216004,-10.4,,,,,,,,,,,
848,845,15.3411880216004,-10.4,,,,,,,,,,,
849,846,15.3411880216004,-10.4,,,,,,,,,,,
850,847,15.3411880216004,-10.4,,,,,,,,,,,
851,848,15.3411880216004,-10.4,,,,,,,,,,,
852,849,15.3411880216004,-10.4,,,,,,,,,,,
853,850,15.3411880216004,-10.4,,,,,,,,,,,
854,851,15.3411880216004,-10.4,,,,,,,,,,,
855,852,15.3411880216004,-10.4,,,,,,,,,,,
856,853,15.3411880216004,-10.4,,,,,,,,,,,
857,854,15.3411880216004,-10.4,,,,,,,,,,,
858,855,15.3411880216004,-10.4,,,,,,,,,,,
859,856,15.3411880216004,-10.4,,,,,,,,,,,
860,857,15.3411880216004,-10.4,,,,,,,,,,,
861,858,15.3411880216004,-10.4,,,,,,,,,,,
862,859,15.3411880216004,-10.4,,,,,,,,,,,
863,860,15.3411880216004,-10.4,,,,,,,,,,,
864,861,15.3411880216004,-10.4,,,,,,,,,,,
865,862,15.3411880216004,-10.4,,,,,,,,,,,
866,863,15.3411880216004,-10.4,,,,,,,,,,,
867,864,15.3411880216004,-10.4,,,,,,,,,,,
868,865,15.3411880216004,-10.4,,,,,,,,,,,
869,866,15.3411880216004,-10.4,,,,,,,,,,,
870,867,15.3411880216004,-10.4,,,,,,,,,,,
871,868,15.3411880216004,-10.4,,,,,,,,,,,
872,869,15.3411880216004,-10.4,,,,,,,,,,,
873,870,15.3411880216004,-10.4,,,,,,,,,,,
874,871,15.3411880216004,-10.4,,,,,,,,,,,
875,872,15.3411880216004,-10.4,,,,,,,,,,,
876,873,15.3411880216004,-10.4,,,,,,,,,,,
877,874,15.3411880216004,-10.4,,,,,,,,,,,
878,875,15.3411880216004,-10.4,,,,,,,,,,,
879,876,15.3411880216004,-10.4,,,,,,,,,,,
880,877,15.3411880216004,-10.4,,,,,,,,,,,
881,878,15.3411880216004,-10.4,,,,,,,,,,,
882,879,15.3411880216004,-10.4,,,,,,,,,,,
883,880,15.3411880216004,-10.4,,,,,,,,,,,
884,881,15.3411880216004,-10.4,,,,,,,,,,,
885,882,15.3411880216004,-10.4,,,,,,,,,,,
886,883,15.3411880216004,-10.4,,,,,,,,,,,
887,884,15.3411880216004,-10.4,,,,,,,,,,,
888,885,15.3411880216004,-10.4,,,,,,,,,,,
889,886,15.3411880216004,-10.4,,,,,,,,,,,
890,887,15.3411880216004,-10.4,,,,,,,,,,,
891,888,15.3411880216004,-10.4,,,,,,,,,,,
892,889,15.3411880216004,-10.4,,,,,,,,,,,
893,890,15.3411880216004,-10.4,,,,,,,,,,,
894,891,15.3411880216004,-10.4,,,,,,,,,,,
895,892,-15.3411880216004,-10.4,,,,,,,,,,,
896,893,-15.3411880216004,-10.4,,,,,,,,,,,
897,894,-15.3411880216004,-10.4,,,,,,,,,,,
898,895,-15.3411880216004,-10.4,,,,,,,,,,,
899,896,-15.3411880216004,-10.4,,,,,,,,,,,
900,897,-15.3411880216004,-10.4,,,,,,,,,,,
901,898,-15.3411880216004,-10.4,,,,,,,,,,,
902,899,-15.3411880216004,-10.4,,,,,,,,,,,
903,900,-15.3411880216004,-10.4,,,,,,,,,,,
904,901,-15.3411880216004,-10.4,,,,,,,,,,,
905,902,-15.3411880216004,-10.4,,,,,,,,,,,
906,903,-15.3411880216004,-10.4,,,,,,,,,,,
907,904,-15.3411880216004,-10.4,,,,,,,,,,,
908,905,-15.3411880216004,-10.4,,,,,,,,,,,
909,906,-15.3411880216004,-10.4,,,,,,,,,,,
910,907,-15.3411880216004,-10.4,,,,,,,,,,,
911,908,-15.3411880216004,-10.4,,,,,,,,,,,
912,909,-15.3411880216004,-10.4,,,,,,,,,,,
913,910,-15.3411880216004,-10.4,,,,,,,,,,,
914,911,-15.3411880216004,-10.4,,,,,,,,,,,
915,912,-15.3411880216004,-10.4,,,,,,,,,,,
916,913,-15.3411880216004,-10.4,,,,,,,,,,,
917,914,-15.3411880216004,-10.4,,,,,,,,,,,
918,915,-15.3411880216004,-10.4,,,,,,,,,,,
919,916,-15.3411880216004,-10.4,,,,,,,,,,,
920,917,-15.3411880216004,-10.4,,,,,,,,,,,
921,918,-15.3411880216004,-10.4,,,,,,,,,,,
922,919,-15.3411880216004,-10.4,,,,,,,,,,,
923,920,-15.3411880216004,-10.4,,,,,,,,,,,
924,921,-15.3411880216004,-10.4,,,,,,,,,,,
925,922,-15.3411880216004,-10.4,,,,,,,,,,,
926,923,-15.3411880216004,-10.4,,,,,,,,,,,
927,924,-15.3411880216004,-10.4,,,,,,,,,,,
928,925,-15.3411880216004,-10.4,,,,,,,,,,,
929,926,-15.3411880216004,-10.4,,,,,,,,,,,
930,927,-15.3411880216004,-10.4,,,,,,,,,,,
931,928,-15.3411880216004,-10.4,,,,,,,,,,,
932,929,-15.3411880216004,-10.4,,,,,,,,,,,
933,930,-15.3411880216004,-10.4,,,,,,,,,,,
934,931,-15.3411880216004,-10.4,,,,,,,,,,,
935,932,-15.3411880216004,-10.4,,,,,,,,,,,
936,933,-15.3411880216004,-10.4,,,,,,,,,,,
937,934,-15.3411880216004,-10.4,,,,,,,,,,,
938,935,-15.3411880216004,-10.4,,,,,,,,,,,
939,936,-15.3411880216004,-10.4,,,,,,,,,,,
940,937,-15.3411880216004,-10.4,,,,,,,,,,,
941,938,-15.3411880216004,-10.4,,,,,,,,,,,
942,939,-15.3411880216004,-10.4,,,,,,,,,,,
943,940,-15.3411880216004,-10.4,,,,,,,,,,,
944,941,-15.3411880216004,-10.4,,,,,,,,,,,
945,942,-15.3411880216004,-10.4,,,,,,,,,,,
946,943,-15.3411880216004,-10.4,,,,,,,,,,,
947,944,-15.3411880216004,-10.4,,,,,,,,,,,
948,945,-15.3411880216004,-10.4,,,,,,,,,,,
949,946,-15.3411880216004,-10.4,,,,,,,,,,,
950,947,-15.3411880216004,-10.4,,,,,,,,,,,
951,948,-15.3411880216004,-10.4,,,,,,,,,,,
952,949,-15.3411880216004,-10.4,,,,,,,,,,,
953,950,-15.3411880216004,-10.4,,,,,,,,,,,
954,951,-15.3411880216004,-10.4,,,,,,,,,,,
955,952,-15.3411880216004,-10.4,,,,,,,,,,,
956,953,-15.3411880216004,-10.4,,,,,,,,,,,
957,954,-15.3411880216004,-10.4,,,,,,,,,,,
958,955,-15.3411880216004,-10.4,,,,,,,,,,,
959,956,-15.3411880216004,-10.4,,,,,,,,,,,
960,957,-15.3411880216004,-10.4,,,,,,,,,,,
961,958,-15.3411880216004,-10.4,,,,,,,,,,,
962,959,-15.3411880216004,-10.4,,,,,,,,,,,
963,960,-15.3411880216004,-10.4,,,,,,,,,,,
964,961,-15.3411880216004,-10.4,,,,,,,,,,,
965,962,-15.3411880216004,-10.4,,,,,,,,,,,
966,963,-15.3411880216004,-10.4,,,,,,,,,,,
967,964,-15.3411880216004,-10.4,,,,,,,,,,,
968,965,-15.3411880216004,-10.4,,,,,,,,,,,
969,966,-15.3411880216004,-10.4,,,,,,,,,,,
970,967,-15.3411880216004,-10.4,,,,,,,,,,,
971,968,-15.3411880216004,-10.4,,,,,,,,,,,
972,969,-15.3411880216004,-10.4,,,,,,,,,,,
973,970,-15.3411880216004,-10.4,,,,,,,,,,,
974,971,-15.3411880216004,-10.4,,,,,,,,,,,
975,972,-15.3411880216004,-10.4,,,,,,,,,,,
976,973,-15.3411880216004,-10.4,,,,,,,,,,,
977,974,-15.3411880216004,-10.4,,,,,,,,,,,
978,975,-15.3411880216004,-10.4,,,,,,,,,,,
979,976,-15.3411880216004,-10.4,,,,,,,,,,,
980,977,-15.3411880216004,-10.4,,,,,,,,,,,
981,978,-15.3411880216004,-10.4,,,,,,,,,,,
982,979,-15.3411880216004,-10.4,,,,,,,,,,,
983,980,-15.3411880216004,-10.4,,,,,,,,,,,
984,981,-15.3411880216004,-10.4,,,,,,,,,,,
985,982,-15.3411880216004,-10.4,,,,,,,,,,,
986,983,-15.3411880216004,-10.4,,,,,,,,,,,
987,984,-15.3411880216004,-10.4,,,,,,,,,,,
988,985,-15.3411880216004,-10.4,,,,,,,,,,,
989,986,-15.3411880216004,-10.4,,,,,,,,,,,
990,987,-15.3411880216004,-10.4,,,,,,,,,,,
991,988,-15.3411880216004,-10.4,,,,,,,,,,,
992,989,-15.3411880216004,-10.4,,,,,,,,,,,
993,990,-15.3411880216004,-10.4,,,,,,,,,,,
994,991,-15.3411880216004,-10.4,,,,,,,,,,,
995,992,-15.3411880216004,-10.4,,,,,,,,,,,
996,993,-15.3411880216004,-10.4,,,,,,,,,,,
997,994,-15.3411880216004,-10.4,,,,,,,,,,,
998,995,-15.3411880216004,-10.4,,,,,,,,,,,
999,996,-15.3411880216004,-10.4,,,,,,,,,,,
1000,997,-15.3411880216004,-10.4,,,,,,,,,,,
1001,998,-15.3411880216004,-10.4,,,,,,,,,,,
1002,999,-15.3411880216004,-10.4,,,,,,,,,,,
1003,1000,-15.3411880216004,-10.4,,,,,,,,,,,
1004,1001,-15.3411880216004,-10.4,,,,,,,,,,,
1005,1002,-15.3411880216004,-10.4,,,,,,,,,,,
1006,1003,-15.3411880216004,-10.4,,,,,,,,,,,
1007,1004,-15.3411880216004,-10.4,,,,,,,,,,,
1008,1005,-15.3411880216004,-10.4,,,,,,,,,,,
1009,1006,-15.3411880216004,-10.4,,,,,,,,,,,
1010,1007,-15.3411880216004,-10.4,,,,,,,,,,,
1011,1008,-15.3411880216004,-10.4,,,,,,,,,,,
1012,1009,-15.3411880216004,-10.4,,,,,,,,,,,
1013,1010,-15.3411880216004,-10.4,,,,,,,,,,,
1014,1011,-15.3411880216004,-10.4,,,,,,,,,,,
1015,1012,-15.3411880216004,-10.4,,,,,,,,,,,
1016,1013,-15.3411880216004,-10.4,,,,,,,,,,,
1017,1014,-15.3411880216004,-10.4,,,,,,,,,,,
1018,1015,-15.3411880216004,-10.4,,,,,,,,,,,
1019,1016,-15.3411880216004,-10.4,,,,,,,,,,,
1020,1017,-15.3411880216004,-10.4,,,,,,,,,,,
1021,1018,-15.3411880216004,-10.4,,,,,,,,,,,
1022,1019,-15.3411880216004,-10.4,,,,,,,,,,,
1023,1020,15.3411880216004,10.4,,,,,,,,,,,
1024,1021,15.3411880216004,10.4,,,,,,,,,,,
1025,1022,15.3411880216004,10.4,,,,,,,,,,,
1026,1023,15.3411880216004,10.4,,,,,,,,,,,
1027,1024,15.3411880216004,10.4,,,,,,,,,,,
1028,1025,15.3411880216004,10.4,,,,,,,,,,,
1029,1026,15.3411880216004,10.4,,,,,,,,,,,
1030,1027,15.3411880216004,10.4,,,,,,,,,,,
1031,1028,15.3411880216004,10.4,,,,,,,,,,,
1032,1029,15.3411880216004,10.4,,,,,,,,,,,
1033,1030,15.3411880216004,10.4,,,,,,,,,,,
1034,1031,15.3411880216004,10.4,,,,,,,,,,,
1035,1032,15.3411880216004,10.4,,,,,,,,,,,
1036,1033,15.3411880216004,10.4,,,,,,,,,,,
1037,1034,15.3411880216004,10.4,,,,,,,,,,,
1038,1035,15.3411880216004,10.4,,,,,,,,,,,
1039,1036,15.3411880216004,10.4,,,,,,,,,,,
1040,1037,15.3411880216004,10.4,,,,,,,,,,,
1041,1038,15.3411880216004,10.4,,,,,,,,,,,
1042,1039,15.3411880216004,10.4,,,,,,,,,,,
1043,1040,15.3411880216004,10.4,,,,,,,,,,,
1044,1041,15.3411880216004,10.4,,,,,,,,,,,
1045,1042,15.3411880216004,10.4,,,,,,,,,,,
1046,1043,15.3411880216004,10.4,,,,,,,,,,,
1047,1044,15.3411880216004,10.4,,,,,,,,,,,
1048,1045,15.3411880216004,10.4,,,,,,,,,,,
1049,1046,15.3411880216004,10.4,,,,,,,,,,,
1050,1047,15.3411880216004,10.4,,,,,,,,,,,
1051,1048,15.3411880216004,10.4,,,,,,,,,,,
1052,1049,15.3411880216004,10.4,,,,,,,,,,,
1053,1050,15.3411880216004,10.4,,,,,,,,,,,
1054,1051,15.3411880216004,10.4,,,,,,,,,,,
1055,1052,15.3411880216004,10.4,,,,,,,,,,,
1056,1053,15.3411880216004,10.4,,,,,,,,,,,
1057,1054,15.3411880216004,10.4,,,,,,,,,,,
1058,1055,15.3411880216004,10.4,,,,,,,,,,,
1059,1056,15.3411880216004,10.4,,,,,,,,,,,
1060,1057,15.3411880216004,10.4,,,,,,,,,,,
1061,1058,15.3411880216004,10.4,,,,,,,,,,,
1062,1059,15.3411880216004,10.4,,,,,,,,,,,
1063,1060,15.3411880216004,10.4,,,,,,,,,,,
1064,1061,15.3411880216004,10.4,,,,,,,,,,,
1065,1062,15.3411880216004,10.4,,,,,,,,,,,
1066,1063,15.3411880216004,10.4,,,,,,,,,,,
1067,1064,15.3411880216004,10.4,,,,,,,,,,,
1068,1065,15.3411880216004,10.4,,,,,,,,,,,
1069,1066,15.3411880216004,10.4,,,,,,,,,,,
1070,1067,15.3411880216004,10.4,,,,,,,,,,,
1071,1068,15.3411880216004,10.4,,,,,,,,,,,
1072,1069,15.3411880216004,10.4,,,,,,,,,,,
1073,1070,15.3411880216004,10.4,,,,,,,,,,,
1074,1071,15.3411880216004,10.4,,,,,,,,,,,
1075,1072,15.3411880216004,10.4,,,,,,,,,,,
1076,1073,15.3411880216004,10.4,,,,,,,,,,,
1077,1074,15.3411880216004,10.4,,,,,,,,,,,
1078,1075,15.3411880216004,10.4,,,,,,,,,,,
1079,1076,15.3411880216004,10.4,,,,,,,,,,,
1080,1077,15.3411880216004,10.4,,,,,,,,,,,
1081,1078,15.3411880216004,10.4,,,,,,,,,,,
1082,1079,15.3411880216004,10.4,,,,,,,,,,,
1083,1080,15.3411880216004,10.4,,,,,,,,,,,
1084,1081,15.3411880216004,10.4,,,,,,,,,,,
1085,1082,15.3411880216004,10.4,,,,,,,,,,,
1086,1083,15.3411880216004,10.4,,,,,,,,,,,
1087,1084,15.3411880216004,10.4,,,,,,,,,,,
1088,1085,15.3411880216004,10.4,,,,,,,,,,,
1089,1086,15.3411880216004,10.4,,,,,,,,,,,
1090,1087,15.3411880216004,10.4,,,,,,,,,,,
1091,1088,15.3411880216004,10.4,,,,,,,,,,,
1092,1089,15.3411880216004,10.4,,,,,,,,,,,
1093,1090,15.3411880216004,10.4,,,,,,,,,,,
1094,1091,15.3411880216004,10.4,,,,,,,,,,,
1095,1092,15.3411880216004,10.4,,,,,,,,,,,
1096,1093,15.3411880216004,10.4,,,,,,,,,,,
1097,1094,15.3411880216004,10.4,,,,,,,,,,,
1098,1095,15.3411880216004,10.4,,,,,,,,,,,
1099,1096,15.3411880216004,10.4,,,,,,,,,,,
1100,1097,15.3411880216004,10.4,,,,,,,,,,,
1101,1098,15.3411880216004,10.4,,,,,,,,,,,
1102,1099,15.3411880216004,10.4,,,,,,,,,,,
1103,1100,15.3411880216004,10.4,,,,,,,,,,,
1104,1101,15.3411880216004,10.4,,,,,,,,,,,
1105,1102,15.3411880216004,10.4,,,,,,,,,,,
1106,1103,15.3411880216004,10.4,,,,,,,,,,,
1107,1104,15.3411880216004,10.4,,,,,,,,,,,
1108,1105,15.3411880216004,10.4,,,,,,,,,,,
1109,1106,15.3411880216004,10.4,,,,,,,,,,,
1110,1107,15.3411880216004,10.4,,,,,,,,,,,
1111,1108,15.3411880216004,10.4,,,,,,,,,,,
1112,1109,15.3411880216004,10.4,,,,,,,,,,,
1113,1110,15.3411880216004,10.4,,,,,,,,,,,
1114,1111,15.3411880216004,10.4,,,,,,,,,,,
1115,1112,15.3411880216004,10.4,,,,,,,,,,,
1116,1113,15.3411880216004,10.4,,,,,,,,,,,
1117,1114,15.3411880216004,10.4,,,,,,,,,,,
1118,1115,15.3411880216004,10.4,,,,,,,,,,,
1119,1116,15.3411880216004,10.4,,,,,,,,,,,
1120,1117,15.3411880216004,10.4,,,,,,,,,,,
1121,1118,15.3411880216004,10.4,,,,,,,,,,,
1122,1119,15.3411880216004,10.4,,,,,,,,,,,
1123,1120,15.3411880216004,10.4,,,,,,,,,,,
1124,1121,15.3411880216004,10.4,,,,,,,,,,,
1125,1122,15.3411880216004,10.4,,,,,,,,,,,
1126,1123,15.3411880216004,10.4,,,,,,,,,,,
1127,1124,15.3411880216004,10.4,,,,,,,,,,,
1128,1125,15.3411880216004,10.4,,,,,,,,,,,
1129,1126,15.3411880216004,10.4,,,,,,,,,,,
1130,1127,15.3411880216004,10.4,,,,,,,,,,,
1131,1128,15.3411880216004,10.4,,,,,,,,,,,
1132,1129,15.3411880216004,10.4,,,,,,,,,,,
1133,1130,15.3411880216004,10.4,,,,,,,,,,,
1134,1131,15.3411880216004,10.4,,,,,,,,,,,
1135,1132,15.3411880216004,10.4,,,,,,,,,,,
1136,1133,15.3411880216004,10.4,,,,,,,,,,,
1137,1134,15.3411880216004,10.4,,,,,,,,,,,
1138,1135,15.3411880216004,10.4,,,,,,,,,,,
1139,1136,15.3411880216004,10.4,,,,,,,,,,,
1140,1137,15.3411880216004,10.4,,,,,,,,,,,
1141,1138,15.3411880216004,10.4,,,,,,,,,,,
1142,1139,15.3411880216004,10.4,,,,,,,,,,,
1143,1140,15.3411880216004,10.4,,,,,,,,,,,
1144,1141,15.3411880216004,10.4,,,,,,,,,,,
1145,1142,15.3411880216004,10.4,,,,,,,,,,,
1146,1143,15.3411880216004,10.4,,,,,,,,,,,
1147,1144,15.3411880216004,10.4,,,,,,,,,,,
1148,1145,15.3411880216004,10.4,,,,,,,,,,,
1149,1146,15.3411880216004,10.4,,,,,,,,,,,
1150,1147,-15.3411880216004,10.4,,,,,,,,,,,
1151,1148,-15.3411880216004,10.4,,,,,,,,,,,
1152,1149,-15.3411880216004,10.4,,,,,,,,,,,
1153,1150,-15.3411880216004,10.4,,,,,,,,,,,
1154,1151,-15.3411880216004,10.4,,,,,,,,,,,
1155,1152,-15.3411880216004,10.4,,,,,,,,,,,
1156,1153,-15.3411880216004,10.4,,,,,,,,,,,
1157,1154,-15.3411880216004,10.4,,,,,,,,,,,
1158,1155,-15.3411880216004,10.4,,,,,,,,,,,
1159,1156,-15.3411880216004,10.4,,,,,,,,,,,
1160,1157,-15.3411880216004,10.4,,,,,,,,,,,
1161,1158,-15.3411880216004,10.4,,,,,,,,,,,
1162,1159,-15.3411880216004,10.4,,,,,,,,,,,
1163,1160,-15.3411880216004,10.4,,,,,,,,,,,
1164,1161,-15.3411880216004,10.4,,,,,,,,,,,
1165,1162,-15.3411880216004,10.4,,,,,,,,,,,
1166,1163,-15.3411880216004,10.4,,,,,,,,,,,
1167,1164,-15.3411880216004,10.4,,,,,,,,,,,
1168,1165,-15.3411880216004,10.4,,,,,,,,,,,
1169,1166,-15.3411880216004,10.4,,,,,,,,,,,
1170,1167,-15.3411880216004,10.4,,,,,,,,,,,
1171,1168,-15.3411880216004,10.4,,,,,,,,,,,
1172,1169,-15.3411880216004,10.4,,,,,,,,,,,
1173,1170,-15.3411880216004,10.4,,,,,,,,,,,
1174,1171,-15.3411880216004,10.4,,,,,,,,,,,
1175,1172,-15.3411880216004,10.4,,,,,,,,,,,
1176,1173,-15.3411880216004,10.4,,,,,,,,,,,
1177,1174,-15.3411880216004,10.4,,,,,,,,,,,
1178,1175,-15.3411880216004,10.4,,,,,,,,,,,
1179,1176,-15.3411880216004,10.4,,,,,,,,,,,
1180,1177,-15.3411880216004,10.4,,,,,,,,,,,
1181,1178,-15.3411880216004,10.4,,,,,,,,,,,
1182,1179,-15.3411880216004,10.4,,,,,,,,,,,
1183,1180,-15.3411880216004,10.4,,,,,,,,,,,
1184,1181,-15.3411880216004,10.4,,,,,,,,,,,
1185,1182,-15.3411880216004,10.4,,,,,,,,,,,
1186,1183,-15.3411880216004,10.4,,,,,,,,,,,
1187,1184,-15.3411880216004,10.4,,,,,,,,,,,
1188,1185,-15.3411880216004,10.4,,,,,,,,,,,
1189,1186,-15.3411880216004,10.4,,,,,,,,,,,
1190,1187,-15.3411880216004,10.4,,,,,,,,,,,
1191,1188,-15.3411880216004,10.4,,,,,,,,,,,
1192,1189,-15.3411880216004,10.4,,,,,,,,,,,
1193,1190,-15.3411880216004,10.4,,,,,,,,,,,
1194,1191,-15.3411880216004,10.4,,,,,,,,,,,
1195,1192,-15.3411880216004,10.4,,,,,,,,,,,
1196,1193,-15.3411880216004,10.4,,,,,,,,,,,
1197,1194,-15.3411880216004,10.4,,,,,,,,,,,
1198,1195,-15.3411880216004,10.4,,,,,,,,,,,
1199,1196,-15.3411880216004,10.4,,,,,,,,,,,
1200,1197,-15.3411880216004,10.4,,,,,,,,,,,
1201,1198,-15.3411880216004,10.4,,,,,,,,,,,
1202,1199,-15.3411880216004,10.4,,,,,,,,,,,
1203,1200,-15.3411880216004,10.4,,,,,,,,,,,
1204,1201,-15.3411880216004,10.4,,,,,,,,,,,
1205,1202,-15.3411880216004,10.4,,,,,,,,,,,
1206,1203,-15.3411880216004,10.4,,,,,,,,,,,
1207,1204,-15.3411880216004,10.4,,,,,,,,,,,
1208,1205,-15.3411880216004,10.4,,,,,,,,,,,
1209,1206,-15.3411880216004,10.4,,,,,,,,,,,
1210,1207,-15.3411880216004,10.4,,,,,,,,,,,
1211,1208,-15.3411880216004,10.4,,,,,,,,,,,
1212,1209,-15.3411880216004,10.4,,,,,,,,,,,
1213,1210,-15.3411880216004,10.4,,,,,,,,,,,
1214,1211,-15.3411880216004,10.4,,,,,,,,,,,
1215,1212,-15.3411880216004,10.4,,,,,,,,,,,
1216,1213,-15.3411880216004,10.4,,,,,,,,,,,
1217,1214,-15.3411880216004,10.4,,,,,,,,,,,
1218,1215,-15.3411880216004,10.4,,,,,,,,,,,
1219,1216,-15.3411880216004,10.4,,,,,,,,,,,
1220,1217,-15.3411880216004,10.4,,,,,,,,,,,
1221,1218,-15.3411880216004,10.4,,,,,,,,,,,
1222,1219,-15.3411880216004,10.4,,,,,,,,,,,
1223,1220,-15.3411880216004,10.4,,,,,,,,,,,
1224,1221,-15.3411880216004,10.4,,,,,,,,,,,
1225,1222,-15.3411880216004,10.4,,,,,,,,,,,
1226,1223,-15.3411880216004,10.4,,,,,,,,,,,
1227,1224,-15.3411880216004,10.4,,,,,,,,,,,
1228,1225,-15.3411880216004,10.4,,,,,,,,,,,
1229,1226,-15.3411880216004,10.4,,,,,,,,,,,
1230,1227,-15.3411880216004,10.4,,,,,,,,,,,
1231,1228,-15.3411880216004,10.4,,,,,,,,,,,
1232,1229,-15.3411880216004,10.4,,,,,,,,,,,
1233,1230,-15.3411880216004,10.4,,,,,,,,,,,
1234,1231,-15.3411880216004,10.4,,,,,,,,,,,
1235,1232,-15.3411880216004,10.4,,,,,,,,,,,
1236,1233,-15.3411880216004,10.4,,,,,,,,,,,
1237,1234,-15.3411880216004,10.4,,,,,,,,,,,
1238,1235,-15.3411880216004,10.4,,,,,,,,,,,
1239,1236,-15.3411880216004,10.4,,,,,,,,,,,
1240,1237,-15.3411880216004,10.4,,,,,,,,,,,
1241,1238,-15.3411880216004,10.4,,,,,,,,,,,
1242,1239,-15.3411880216004,10.4,,,,,,,,,,,
1243,1240,-15.3411880216004,10.4,,,,,,,,,,,
1244,1241,-15.3411880216004,10.4,,,,,,,,,,,
1245,1242,-15.3411880216004,10.4,,,,,,,,,,,
1246,1243,-15.3411880216004,10.4,,,,,,,,,,,
1247,1244,-15.3411880216004,10.4,,,,,,,,,,,
1248,1245,-15.3411880216004,10.4,,,,,,,,,,,
1249,1246,-15.3411880216004,10.4,,,,,,,,,,,
1250,1247,-15.3411880216004,10.4,,,,,,,,,,,
1251,1248,-15.3411880216004,10.4,,,,,,,,,,,
1252,1249,-15.3411880216004,10.4,,,,,,,,,,,
1253,1250,-15.3411880216004,10.4,,,,,,,,,,,
1254,1251,-15.3411880216004,10.4,,,,,,,,,,,
1255,1252,-15.3411880216004,10.4,,,,,,,,,,,
1256,1253,-15.3411880216004,10.4,,,,,,,,,,,
1257,1254,-15.3411880216004,10.4,,,,,,,,,,,
1258,1255,-15.3411880216004,10.4,,,,,,,,,,,
1259,1256,-15.3411880216004,10.4,,,,,,,,,,,
1260,1257,-15.3411880216004,10.4,,,,,,,,,,,
1261,1258,-15.3411880216004,10.4,,,,,,,,,,,
1262,1259,-15.3411880216004,10.4,,,,,,,,,,,
1263,1260,-15.3411880216004,10.4,,,,,,,,,,,
1264,1261,-15.3411880216004,10.4,,,,,,,,,,,
1265,1262,-15.3411880216004,10.4,,,,,,,,,,,
1266,1263,-15.3411880216004,10.4,,,,,,,,,,,
1267,1264,-15.3411880216004,10.4,,,,,,,,,,,
1268,1265,-15.3411880216004,10.4,,,,,,,,,,,
1269,1266,-15.3411880216004,10.4,,,,,,,,,,,
1270,1267,-15.3411880216004,10.4,,,,,,,,,,,
1271,1268,-15.3411880216004,10.4,,,,,,,,,,,
1272,1269,-15.3411880216004,10.4,,,,,,,,,,,
1273,1270,-15.3411880216004,10.4,,,,,,,,,,,
1274,1271,-15.3411880216004,10.4,,,,,,,,,,,
1275,1272,-15.3411880216004,10.4,,,,,,,,,,,
1276,1273,-15.3411880216004,10.4,,,,,,,,,,,
1277,1274,0,0,,,,,,,,,,,
1278,1275,0,0,,,,,,,,,,,
1279,1276,0,0,,,,,,,,,,,
1280,1277,0,0,,,,,,,,,,,
1281,1278,0,0,,,,,,,,,,,
1282,1279,0,0,,,,,,,,,,,
1283,1280,0,0,,,,,,,,,,,
1284,1281,0,0,,,,,,,,,,,
1285,1282,0,0,,,,,,,,,,,
1286,1283,0,0,,,,,,,,,,,
1287,1284,0,0,,,,,,,,,,,
1288,1285,0,0,,,,,,,,,,,
1289,1286,0,0,,,,,,,,,,,
1290,1287,0,0,,,,,,,,,,,
1291,1288,0,0,,,,,,,,,,,
1292,1289,0,0,,,,,,,,,,,
1293,1290,0,0,,,,,,,,,,,
1294,1291,0,0,,,,,,,,,,,
1295,1292,0,0,,,,,,,,,,,
1296,1293,0,0,,,,,,,,,,,
1297,1294,0,0,,,,,,,,,,,
1298,1295,0,0,,,,,,,,,,,
1299,1296,0,0,,,,,,,,,,,
1300,1297,0,0,,,,,,,,,,,
1301,1298,0,0,,,,,,,,,,,
1302,1299,0,0,,,,,,,,,,,
1303,1300,0,0,,,,,,,,,,,
1304,1301,0,0,,,,,,,,,,,
1305,1302,0,0,,,,,,,,,,,
1306,1303,0,0,,,,,,,,,,,
1307,1304,0,0,,,,,,,,,,,
1308,1305,0,0,,,,,,,,,,,
1309,1306,0,0,,,,,,,,,,,
1310,1307,0,0,,,,,,,,,,,
1311,1308,0,0,,,,,,,,,,,
1312,1309,0,0,,,,,,,,,,,
1313,1310,0,0,,,,,,,,,,,
1314,1311,0,0,,,,,,,,,,,
1315,1312,0,0,,,,,,,,,,,
1316,1313,0,0,,,,,,,,,,,
1317,1314,0,0,,,,,,,,,,,
1318,1315,0,0,,,,,,,,,,,
1319,1316,0,0,,,,,,,,,,,
1320,1317,0,0,,,,,,,,,,,
1321,1318,0,0,,,,,,,,,,,
1322,1319,0,0,,,,,,,,,,,
1323,1320,0,0,,,,,,,,,,,
1324,1321,0,0,,,,,,,,,,,
1325,1322,0,0,,,,,,,,,,,
1326,1323,0,0,,,,,,,,,,,
1327,1324,0,0,,,,,,,,,,,
1328,1325,0,0,,,,,,,,,,,
1329,1326,0,0,,,,,,,,,,,
1330,1327,0,0,,,,,,,,,,,
1331,1328,0,0,,,,,,,,,,,
1332,1329,0,0,,,,,,,,,,,
1333,1330,0,0,,,,,,,,,,,
1334,1331,0,0,,,,,,,,,,,
1335,1332,0,0,,,,,,,,,,,
1336,1333,0,0,,,,,,,,,,,
1337,1334,0,0,,,,,,,,,,,
1338,1335,0,0,,,,,,,,,,,
1339,1336,0,0,,,,,,,,,,,
1340,1337,0,0,,,,,,,,,,,
1341,1338,0,0,,,,,,,,,,,
1342,1339,0,0,,,,,,,,,,,
1343,1340,0,0,,,,,,,,,,,
1344,1341,0,0,,,,,,,,,,,
1345,1342,0,0,,,,,,,,,,,
1346,1343,0,0,,,,,,,,,,,
1347,1344,0,0,,,,,,,,,,,
1348,1345,0,0,,,,,,,,,,,
1349,1346,0,0,,,,,,,,,,,
1350,1347,0,0,,,,,,,,,,,
1351,1348,0,0,,,,,,,,,,,
1352,1349,0,0,,,,,,,,,,,
1353,1350,0,0,,,,,,,,,,,
1354,0,0,0,,,,,,,,,,,
1355,1,0,0,,,,,,,,,,,
1356,2,0,0,,,,,,,,,,,
1357,3,0,0,,,,,,,,,,,
1358,4,0,0,,,,,,,,,,,
1359,5,0,0,,,,,,,,,,,
1360,6,0,0,,,,,,,,,,,
1361,7,0,0,,,,,,,,,,,
1362,8,0,0,,,,,,,,,,,
1363,9,0,0,,,,,,,,,,,
1364,10,0,0,,,,,,,,,,,
1365,11,0,0,,,,,,,,,,,
1366,12,0,0,,,,,,,,,,,
1367,13,0,0,,,,,,,,,,,
1368,14,0,0,,,,,,,,,,,
1369,15,0,0,,,,,,,,,,,
1370,16,0,0,,,,,,,,,,,
1371,17,0,0,,,,,,,,,,,
1372,18,0,0,,,,,,,,,,,
1373,19,0,0,,,,,,,,,,,
1374,20,0,0,,,,,,,,,,,
1375,21,0,0,,,,,,,,,,,
1376,22,0,0,,,,,,,,,,,
1377,23,0,0,,,,,,,,,,,
1378,24,0,0,,,,,,,,,,,
1379,25,0,0,,,,,,,,,,,
1380,26,0,0,,,,,,,,,,,
1381,27,0,0,,,,,,,,,,,
1382,28,0,0,,,,,,,,,,,
1383,29,0,0,,,,,,,,,,,
1384,30,0,0,,,,,,,,,,,
1385,31,0,0,,,,,,,,,,,
1386,32,0,0,,,,,,,,,,,
1387,33,0,0,,,,,,,,,,,
1388,34,0,0,,,,,,,,,,,
1389,35,0,0,,,,,,,,,,,
1390,36,0,0,,,,,,,,,,,
1391,37,0,0,,,,,,,,,,,
1392,38,0,0,,,,,,,,,,,
1393,39,0,0,,,,,,,,,,,
1394,40,0,0,,,,,,,,,,,
1395,41,0,0,,,,,,,,,,,
1396,42,0,0,,,,,,,,,,,
1397,43,0,0,,,,,,,,,,,
1398,44,0,0,,,,,,,,,,,
1399,45,0,0,,,,,,,,,,,
1400,46,0,0,,,,,,,,,,,
1401,47,0,0,,,,,,,,,,,
1402,48,0,0,,,,,,,,,,,
1403,49,0,0,,,,,,,,,,,
1404,50,0,0,,,,,,,,,,,
1405,51,0,0,,,,,,,,,,,
1406,52,0,0,,,,,,,,,,,
1407,53,0,0,,,,,,,,,,,
1408,54,0,0,,,,,,,,,,,
1409,55,0,0,,,,,,,,,,,
1410,56,0,0,,,,,,,,,,,
1411,57,0,0,,,,,,,,,,,
1412,58,0,0,,,,,,,,,,,
1413,59,0,0,,,,,,,,,,,
1414,60,0,0,,,,,,,,,,,
1415,61,0,0,,,,,,,,,,,
1416,62,0,0,,,,,,,,,,,
1417,63,0,0,,,,,,,,,,,
1418,64,0,0,,,,,,,,,,,
1419,65,0,0,,,,,,,,,,,
1420,66,0,0,,,,,,,,,,,
1421,67,0,0,,,,,,,,,,,
1422,68,0,0,,,,,,,,,,,
1423,69,0,0,,,,,,,,,,,
1424,70,0,0,,,,,,,,,,,
1425,71,0,0,,,,,,,,,,,
1426,72,0,0,,,,,,,,,,,
1427,73,0,0,,,,,,,,,,,
1428,74,0,0,,,,,,,,,,,
1429,75,0,0,,,,,,,,,,,
1430,76,0,0,,,,,,,,,,,
1431,77,0,0,,,,,,,,,,,
1432,78,0,0,,,,,,,,,,,
1433,79,0,0,,,,,,,,,,,
1434,80,0,0,,,,,,,,,,,
1435,81,0,0,,,,,,,,,,,
1436,82,0,0,,,,,,,,,,,
1437,83,0,0,,,,,,,,,,,
1438,84,0,0,,,,,,,,,,,
1439,85,0,0,,,,,,,,,,,
1440,86,0,0,,,,,,,,,,,
1441,87,0,0,,,,,,,,,,,
1442,88,0,0,,,,,,,,,,,
1443,89,0,0,,,,,,,,,,,
1444,90,0,0,,,,,,,,,,,
1445,91,0,0,,,,,,,,,,,
1446,92,0,0,,,,,,,,,,,
1447,93,0,0,,,,,,,,,,,
1448,94,0,0,,,,,,,,,,,
1449,95,0,0,,,,,,,,,,,
1450,96,0,0,,,,,,,,,,,
1451,97,0,0,,,,,,,,,,,
1452,98,0,0,,,,,,,,,,,
1453,99,0,0,,,,,,,,,,,
1454,100,0,0,,,,,,,,,,,
1455,101,0,0,,,,,,,,,,,
1456,102,0,0,,,,,,,,,,,
1457,103,0,0,,,,,,,,,,,
1458,104,0,0,,,,,,,,,,,
1459,105,0,0,,,,,,,,,,,
1460,106,0,0,,,,,,,,,,,
1461,107,0,0,,,,,,,,,,,
1462,108,0,0,,,,,,,,,,,
1463,109,0,0,,,,,,,,,,,
1464,110,0,0,,,,,,,,,,,
1465,111,0,0,,,,,,,,,,,
1466,112,0,0,,,,,,,,,,,
1467,113,0,0,,,,,,,,,,,
1468,114,0,0,,,,,,,,,,,
1469,115,0,0,,,,,,,,,,,
1470,116,0,0,,,,,,,,,,,
1471,117,0,0,,,,,,,,,,,
1472,118,0,0,,,,,,,,,,,
1473,119,0,0,,,,,,,,,,,
1474,120,0,0,,,,,,,,,,,
1475,121,0,0,,,,,,,,,,,
1476,122,0,0,,,,,,,,,,,
1477,123,0,0,,,,,,,,,,,
1478,124,0,0,,,,,,,,,,,
1479,125,0,0,,,,,,,,,,,
1480,126,0,0,,,,,,,,,,,
1481,127,0,0,,,,,,,,,,,
1482,128,0,0,,,,,,,,,,,
1483,129,0,0,,,,,,,,,,,
1484,130,0,0,,,,,,,,,,,
1485,131,0,0,,,,,,,,,,,
1486,132,0,0,,,,,,,,,,,
1487,133,0,0,,,,,,,,,,,
1488,134,0,0,,,,,,,,,,,
1489,135,0,0,,,,,,,,,,,
1490,136,0,0,,,,,,,,,,,
1491,137,0,0,,,,,,,,,,,
1492,138,0,0,,,,,,,,,,,
1493,139,0,0,,,,,,,,,,,
1494,140,0,0,,,,,,,,,,,
1495,141,0,0,,,,,,,,,,,
1496,142,0,0,,,,,,,,,,,
1497,143,0,0,,,,,,,,,,,
1498,144,0,0,,,,,,,,,,,
1499,145,0,0,,,,,,,,,,,
1500,146,0,0,,,,,,,,,,,
1501,147,0,0,,,,,,,,,,,
1502,148,0,0,,,,,,,,,,,
1503,149,0,0,,,,,,,,,,,
1504,150,0,0,,,,,,,,,,,
1505,151,0,0,,,,,,,,,,,
1506,152,0,0,,,,,,,,,,,
1507,153,0,0,,,,,,,,,,,
1508,154,0,0,,,,,,,,,,,
1509,155,0,0,,,,,,,,,,,
1510,156,0,0,,,,,,,,,,,
1511,157,0,0,,,,,,,,,,,
1512,158,0,0,,,,,,,,,,,
1513,159,0,0,,,,,,,,,,,
1514,160,0,0,,,,,,,,,,,
1515,161,0,0,,,,,,,,,,,
1516,162,0,0,,,,,,,,,,,
1517,163,0,0,,,,,,,,,,,
1518,164,0,0,,,,,,,,,,,
1519,165,0,0,,,,,,,,,,,
1520,166,0,0,,,,,,,,,,,
1521,167,0,0,,,,,,,,,,,
1522,168,0,0,,,,,,,,,,,
1523,169,0,0,,,,,,,,,,,
1524,170,0,0,,,,,,,,,,,
1525,171,0,0,,,,,,,,,,,
1526,172,0,0,,,,,,,,,,,
1527,173,0,0,,,,,,,,,,,
1528,174,0,0,,,,,,,,,,,
1529,175,0,0,,,,,,,,,,,
1530,176,0,0,,,,,,,,,,,
1531,177,0,0,,,,,,,,,,,
1532,178,0,0,,,,,,,,,,,
1533,179,0,0,,,,,,,,,,,
1534,180,0,0,,,,,,,,,,,
1535,181,0,0,,,,,,,,,,,
1536,182,0,0,,,,,,,,,,,
1537,183,0,0,,,,,,,,,,,
1538,184,0,0,,,,,,,,,,,
1539,185,0,0,,,,,,,,,,,
1540,186,0,0,,,,,,,,,,,
1541,187,0,0,,,,,,,,,,,
1542,188,0,0,,,,,,,,,,,
1543,189,0,0,,,,,,,,,,,
1544,190,0,0,,,,,,,,,,,
1545,191,0,0,,,,,,,,,,,
1546,192,0,0,,,,,,,,,,,
1547,193,0,0,,,,,,,,,,,
1548,194,0,0,,,,,,,,,,,
1549,195,0,0,,,,,,,,,,,
1550,196,0,0,,,,,,,,,,,
1551,197,0,0,,,,,,,,,,,
1552,198,0,0,,,,,,,,,,,
1553,199,0,0,,,,,,,,,,,
1554,200,0,0,,,,,,,,,,,
1555,201,0,0,,,,,,,,,,,
1556,202,0,0,,,,,,,,,,,
1557,203,0,0,,,,,,,,,,,
1558,204,0,0,,,,,,,,,,,
1559,205,0,0,,,,,,,,,,,
1560,206,0,0,,,,,,,,,,,
1561,207,0,0,,,,,,,,,,,
1562,208,0,0,,,,,,,,,,,
1563,209,0,0,,,,,,,,,,,
1564,210,0,0,,,,,,,,,,,
1565,211,0,0,,,,,,,,,,,
1566,212,0,0,,,,,,,,,,,
1567,213,0,0,,,,,,,,,,,
1568,214,0,0,,,,,,,,,,,
1569,215,0,0,,,,,,,,,,,
1570,216,0,0,,,,,,,,,,,
1571,217,0,0,,,,,,,,,,,
1572,218,0,0,,,,,,,,,,,
1573,219,0,0,,,,,,,,,,,
1574,220,0,0,,,,,,,,,,,
1575,221,0,0,,,,,,,,,,,
1576,222,0,0,,,,,,,,,,,
1577,223,0,0,,,,,,,,,,,
1578,224,0,0,,,,,,,,,,,
1579,225,0,0,,,,,,,,,,,
1580,226,0,0,,,,,,,,,,,
1581,227,0,0,,,,,,,,,,,
1582,228,0,0,,,,,,,,,,,
1583,229,0,0,,,,,,,,,,,
1584,230,0,0,,,,,,,,,,,
1585,231,0,0,,,,,,,,,,,
1586,232,0,0,,,,,,,,,,,
1587,233,0,0,,,,,,,,,,,
1588,234,0,0,,,,,,,,,,,
1589,235,0,0,,,,,,,,,,,
1590,236,0,0,,,,,,,,,,,
1591,237,0,0,,,,,,,,,,,
1592,238,0,0,,,,,,,,,,,
1593,239,0,0,,,,,,,,,,,
1594,240,0,0,,,,,,,,,,,
1595,241,0,0,,,,,,,,,,,
1596,242,0,0,,,,,,,,,,,
1597,243,0,0,,,,,,,,,,,
1598,244,0,0,,,,,,,,,,,
1599,245,0,0,,,,,,,,,,,
1600,246,0,0,,,,,,,,,,,
1601,247,0,0,,,,,,,,,,,
1602,248,0,0,,,,,,,,,,,
1603,249,0,0,,,,,,,,,,,
1604,250,0,0,,,,,,,,,,,
1605,251,0,0,,,,,,,,,,,
1606,252,0,0,,,,,,,,,,,
1607,253,0,0,,,,,,,,,,,
1608,254,0,0,,,,,,,,,,,
1609,255,0,-10.4,,,,,,,,,,,
1610,256,0,-10.4,,,,,,,,,,,
1611,257,0,-10.4,,,,,,,,,,,
1612,258,0,-10.4,,,,,,,,,,,
1613,259,0,-10.4,,,,,,,,,,,
1614,260,0,-10.4,,,,,,,,,,,
1615,261,0,-10.4,,,,,,,,,,,
1616,262,0,-10.4,,,,,,,,,,,
1617,263,0,-10.4,,,,,,,,,,,
1618,264,0,-10.4,,,,,,,,,,,
1619,265,0,-10.4,,,,,,,,,,,
1620,266,0,-10.4,,,,,,,,,,,
1621,267,0,-10.4,,,,,,,,,,,
1622,268,0,-10.4,,,,,,,,,,,
1623,269,0,-10.4,,,,,,,,,,,
1624,270,0,-10.4,,,,,,,,,,,
1625,271,0,-10.4,,,,,,,,,,,
1626,272,0,-10.4,,,,,,,,,,,
1627,273,0,-10.4,,,,,,,,,,,
1628,274,0,-10.4,,,,,,,,,,,
1629,275,0,-10.4,,,,,,,,,,,
1630,276,0,-10.4,,,,,,,,,,,
1631,277,0,-10.4,,,,,,,,,,,
1632,278,0,-10.4,,,,,,,,,,,
1633,279,0,-10.4,,,,,,,,,,,
1634,280,0,-10.4,,,,,,,,,,,
1635,281,0,-10.4,,,,,,,,,,,
1636,282,0,-10.4,,,,,,,,,,,
1637,283,0,-10.4,,,,,,,,,,,
1638,284,0,-10.4,,,,,,,,,,,
1639,285,0,-10.4,,,,,,,,,,,
1640,286,0,-10.4,,,,,,,,,,,
1641,287,0,-10.4,,,,,,,,,,,
1642,288,0,-10.4,,,,,,,,,,,
1643,289,0,-10.4,,,,,,,,,,,
1644,290,0,-10.4,,,,,,,,,,,
1645,291,0,-10.4,,,,,,,,,,,
1646,292,0,-10.4,,,,,,,,,,,
1647,293,0,-10.4,,,,,,,,,,,
1648,294,0,-10.4,,,,,,,,,,,
1649,295,0,-10.4,,,,,,,,,,,
1650,296,0,-10.4,,,,,,,,,,,
1651,297,0,-10.4,,,,,,,,,,,
1652,298,0,-10.4,,,,,,,,,,,
1653,299,0,-10.4,,,,,,,,,,,
1654,300,0,-10.4,,,,,,,,,,,
1655,301,0,-10.4,,,,,,,,,,,
1656,302,0,-10.4,,,,,,,,,,,
1657,303,0,-10.4,,,,,,,,,,,
1658,304,0,-10.4,,,,,,,,,,,
1659,305,0,-10.4,,,,,,,,,,,
1660,306,0,-10.4,,,,,,,,,,,
1661,307,0,-10.4,,,,,,,,,,,
1662,308,0,-10.4,,,,,,,,,,,
1663,309,0,-10.4,,,,,,,,,,,
1664,310,0,-10.4,,,,,,,,,,,
1665,311,0,-10.4,,,,,,,,,,,
1666,312,0,-10.4,,,,,,,,,,,
1667,313,0,-10.4,,,,,,,,,,,
1668,314,0,-10.4,,,,,,,,,,,
1669,315,0,-10.4,,,,,,,,,,,
1670,316,0,-10.4,,,,,,,,,,,
1671,317,0,-10.4,,,,,,,,,,,
1672,318,0,-10.4,,,,,,,,,,,
1673,319,0,-10.4,,,,,,,,,,,
1674,320,0,-10.4,,,,,,,,,,,
1675,321,0,-10.4,,,,,,,,,,,
1676,322,0,-10.4,,,,,,,,,,,
1677,323,0,-10.4,,,,,,,,,,,
1678,324,0,-10.4,,,,,,,,,,,
1679,325,0,-10.4,,,,,,,,,,,
1680,326,0,-10.4,,,,,,,,,,,
1681,327,0,-10.4,,,,,,,,,,,
1682,328,0,-10.4,,,,,,,,,,,
1683,329,0,-10.4,,,,,,,,,,,
1684,330,0,-10.4,,,,,,,,,,,
1685,331,0,-10.4,,,,,,,,,,,
1686,332,0,-10.4,,,,,,,,,,,
1687,333,0,-10.4,,,,,,,,,,,
1688,334,0,-10.4,,,,,,,,,,,
1689,335,0,-10.4,,,,,,,,,,,
1690,336,0,-10.4,,,,,,,,,,,
1691,337,0,-10.4,,,,,,,,,,,
1692,338,0,-10.4,,,,,,,,,,,
1693,339,0,-10.4,,,,,,,,,,,
1694,340,0,-10.4,,,,,,,,,,,
1695,341,0,-10.4,,,,,,,,,,,
1696,342,0,-10.4,,,,,,,,,,,
1697,343,0,-10.4,,,,,,,,,,,
1698,344,0,-10.4,,,,,,,,,,,
1699,345,0,-10.4,,,,,,,,,,,
1700,346,0,-10.4,,,,,,,,,,,
1701,347,0,-10.4,,,,,,,,,,,
1702,348,0,-10.4,,,,,,,,,,,
1703,349,0,-10.4,,,,,,,,,,,
1704,350,0,-10.4,,,,,,,,,,,
1705,351,0,-10.4,,,,,,,,,,,
1706,352,0,-10.4,,,,,,,,,,,
1707,353,0,-10.4,,,,,,,,,,,
1708,354,0,-10.4,,,,,,,,,,,
1709,355,0,-10.4,,,,,,,,,,,
1710,356,0,-10.4,,,,,,,,,,,
1711,357,0,-10.4,,,,,,,,,,,
1712,358,0,-10.4,,,,,,,,,,,
1713,359,0,-10.4,,,,,,,,,,,
1714,360,0,-10.4,,,,,,,,,,,
1715,361,0,-10.4,,,,,,,,,,,
1716,362,0,-10.4,,,,,,,,,,,
1717,363,0,-10.4,,,,,,,,,,,
1718,364,0,-10.4,,,,,,,,,,,
1719,365,0,-10.4,,,,,,,,,,,
1720,366,0,-10.4,,,,,,,,,,,
1721,367,0,-10.4,,,,,,,,,,,
1722,368,0,-10.4,,,,,,,,,,,
1723,369,0,-10.4,,,,,,,,,,,
1724,370,0,-10.4,,,,,,,,,,,
1725,371,0,-10.4,,,,,,,,,,,
1726,372,0,-10.4,,,,,,,,,,,
1727,373,0,-10.4,,,,,,,,,,,
1728,374,0,-10.4,,,,,,,,,,,
1729,375,0,-10.4,,,,,,,,,,,
1730,376,0,-10.4,,,,,,,,,,,
1731,377,0,-10.4,,,,,,,,,,,
1732,378,0,-10.4,,,,,,,,,,,
1733,379,0,-10.4,,,,,,,,,,,
1734,380,0,-10.4,,,,,,,,,,,
1735,381,0,-10.4,,,,,,,,,,,
1736,382,0,10.4,,,,,,,,,,,
1737,383,0,10.4,,,,,,,,,,,
1738,384,0,10.4,,,,,,,,,,,
1739,385,0,10.4,,,,,,,,,,,
1740,386,0,10.4,,,,,,,,,,,
1741,387,0,10.4,,,,,,,,,,,
1742,388,0,10.4,,,,,,,,,,,
1743,389,0,10.4,,,,,,,,,,,
1744,390,0,10.4,,,,,,,,,,,
1745,391,0,10.4,,,,,,,,,,,
1746,392,0,10.4,,,,,,,,,,,
1747,393,0,10.4,,,,,,,,,,,
1748,394,0,10.4,,,,,,,,,,,
1749,395,0,10.4,,,,,,,,,,,
1750,396,0,10.4,,,,,,,,,,,
1751,397,0,10.4,,,,,,,,,,,
1752,398,0,10.4,,,,,,,,,,,
1753,399,0,10.4,,,,,,,,,,,
1754,400,0,10.4,,,,,,,,,,,
1755,401,0,10.4,,,,,,,,,,,
1756,402,0,10.4,,,,,,,,,,,
1757,403,0,10.4,,,,,,,,,,,
1758,404,0,10.4,,,,,,,,,,,
1759,405,0,10.4,,,,,,,,,,,
1760,406,0,10.4,,,,,,,,,,,
1761,407,0,10.4,,,,,,,,,,,
1762,408,0,10.4,,,,,,,,,,,
1763,409,0,10.4,,,,,,,,,,,
1764,410,0,10.4,,,,,,,,,,,
1765,411,0,10.4,,,,,,,,,,,
1766,412,0,10.4,,,,,,,,,,,
1767,413,0,10.4,,,,,,,,,,,
1768,414,0,10.4,,,,,,,,,,,
1769,415,0,10.4,,,,,,,,,,,
1770,416,0,10.4,,,,,,,,,,,
1771,417,0,10.4,,,,,,,,,,,
1772,418,0,10.4,,,,,,,,,,,
1773,419,0,10.4,,,,,,,,,,,
1774,420,0,10.4,,,,,,,,,,,
1775,421,0,10.4,,,,,,,,,,,
1776,422,0,10.4,,,,,,,,,,,
1777,423,0,10.4,,,,,,,,,,,
1778,424,0,10.4,,,,,,,,,,,
1779,425,0,10.4,,,,,,,,,,,
1780,426,0,10.4,,,,,,,,,,,
1781,427,0,10.4,,,,,,,,,,,
1782,428,0,10.4,,,,,,,,,,,
1783,429,0,10.4,,,,,,,,,,,
1784,430,0,10.4,,,,,,,,,,,
1785,431,0,10.4,,,,,,,,,,,
1786,432,0,10.4,,,,,,,,,,,
1787,433,0,10.4,,,,,,,,,,,
1788,434,0,10.4,,,,,,,,,,,
1789,435,0,10.4,,,,,,,,,,,
1790,436,0,10.4,,,,,,,,,,,
1791,437,0,10.4,,,,,,,,,,,
1792,438,0,10.4,,,,,,,,,,,
1793,439,0,10.4,,,,,,,,,,,
1794,440,0,10.4,,,,,,,,,,,
1795,441,0,10.4,,,,,,,,,,,
1796,442,0,10.4,,,,,,,,,,,
1797,443,0,10.4,,,,,,,,,,,
1798,444,0,10.4,,,,,,,,,,,
1799,445,0,10.4,,,,,,,,,,,
1800,446,0,10.4,,,,,,,,,,,
1801,447,0,10.4,,,,,,,,,,,
1802,448,0,10.4,,,,,,,,,,,
1803,449,0,10.4,,,,,,,,,,,
1804,450,0,10.4,,,,,,,,,,,
1805,451,0,10.4,,,,,,,,,,,
1806,452,0,10.4,,,,,,,,,,,
1807,453,0,10.4,,,,,,,,,,,
1808,454,0,10.4,,,,,,,,,,,
1809,455,0,10.4,,,,,,,,,,,
1810,456,0,10.4,,,,,,,,,,,
1811,457,0,10.4,,,,,,,,,,,
1812,458,0,10.4,,,,,,,,,,,
1813,459,0,10.4,,,,,,,,,,,
1814,460,0,10.4,,,,,,,,,,,
1815,461,0,10.4,,,,,,,,,,,
1816,462,0,10.4,,,,,,,,,,,
1817,463,0,10.4,,,,,,,,,,,
1818,464,0,10.4,,,,,,,,,,,
1819,465,0,10.4,,,,,,,,,,,
1820,466,0,10.4,,,,,,,,,,,
1821,467,0,10.4,,,,,,,,,,,
1822,468,0,10.4,,,,,,,,,,,
1823,469,0,10.4,,,,,,,,,,,
1824,470,0,10.4,,,,,,,,,,,
1825,471,0,10.4,,,,,,,,,,,
1826,472,0,10.4,,,,,,,,,,,
1827,473,0,10.4,,,,,,,,,,,
1828,474,0,10.4,,,,,,,,,,,
1829,475,0,10.4,,,,,,,,,,,
1830,476,0,10.4,,,,,,,,,,,
1831,477,0,10.4,,,,,,,,,,,
1832,478,0,10.4,,,,,,,,,,,
1833,479,0,10.4,,,,,,,,,,,
1834,480,0,10.4,,,,,,,,,,,
1835,481,0,10.4,,,,,,,,,,,
1836,482,0,10.4,,,,,,,,,,,
1837,483,0,10.4,,,,,,,,,,,
1838,484,0,10.4,,,,,,,,,,,
1839,485,0,10.4,,,,,,,,,,,
1840,486,0,10.4,,,,,,,,,,,
1841,487,0,10.4,,,,,,,,,,,
1842,488,0,10.4,,,,,,,,,,,
1843,489,0,10.4,,,,,,,,,,,
1844,490,0,10.4,,,,,,,,,,,
1845,491,0,10.4,,,,,,,,,,,
1846,492,0,10.4,,,,,,,,,,,
1847,493,0,10.4,,,,,,,,,,,
1848,494,0,10.4,,,,,,,,,,,
1849,495,0,10.4,,,,,,,,,,,
1850,496,0,10.4,,,,,,,,,,,
1851,497,0,10.4,,,,,,,,,,,
1852,498,0,10.4,,,,,,,,,,,
1853,499,0,10.4,,,,,,,,,,,
1854,500,0,10.4,,,,,,,,,,,
1855,501,0,10.4,,,,,,,,,,,
1856,502,0,10.4,,,,,,,,,,,
1857,503,0,10.4,,,,,,,,,,,
1858,504,0,10.4,,,,,,,,,,,
1859,505,0,10.4,,,,,,,,,,,
1860,506,0,10.4,,,,,,,,,,,
1861,507,0,10.4,,,,,,,,,,,
1862,508,0,10.4,,,,,,,,,,,
1863,509,0,10.4,,,,,,,,,,,
1864,510,0,10.4,,,,,,,,,,,
1865,511,15.3411880216004,0,,,,,,,,,,,
1866,512,15.3411880216004,0,,,,,,,,,,,
1867,513,15.3411880216004,0,,,,,,,,,,,
1868,514,15.3411880216004,0,,,,,,,,,,,
1869,515,15.3411880216004,0,,,,,,,,,,,
1870,516,15.3411880216004,0,,,,,,,,,,,
1871,517,15.3411880216004,0,,,,,,,,,,,
1872,518,15.3411880216004,0,,,,,,,,,,,
1873,519,15.3411880216004,0,,,,,,,,,,,
1874,520,15.3411880216004,0,,,,,,,,,,,
1875,521,15.3411880216004,0,,,,,,,,,,,
1876,522,15.3411880216004,0,,,,,,,,,,,
1877,523,15.3411880216004,0,,,,,,,,,,,
1878,524,15.3411880216004,0,,,,,,,,,,,
1879,525,15.3411880216004,0,,,,,,,,,,,
1880,526,15.3411880216004,0,,,,,,,,,,,
1881,527,15.3411880216004,0,,,,,,,,,,,
1882,528,15.3411880216004,0,,,,,,,,,,,
1883,529,15.3411880216004,0,,,,,,,,,,,
1884,530,15.3411880216004,0,,,,,,,,,,,
1885,531,15.3411880216004,0,,,,,,,,,,,
1886,532,15.3411880216004,0,,,,,,,,,,,
1887,533,15.3411880216004,0,,,,,,,,,,,
1888,534,15.3411880216004,0,,,,,,,,,,,
1889,535,15.3411880216004,0,,,,,,,,,,,
1890,536,15.3411880216004,0,,,,,,,,,,,
1891,537,15.3411880216004,0,,,,,,,,,,,
1892,538,15.3411880216004,0,,,,,,,,,,,
1893,539,15.3411880216004,0,,,,,,,,,,,
1894,540,15.3411880216004,0,,,,,,,,,,,
1895,541,15.3411880216004,0,,,,,,,,,,,
1896,542,15.3411880216004,0,,,,,,,,,,,
1897,543,15.3411880216004,0,,,,,,,,,,,
1898,544,15.3411880216004,0,,,,,,,,,,,
1899,545,15.3411880216004,0,,,,,,,,,,,
1900,546,15.3411880216004,0,,,,,,,,,,,
1901,547,15.3411880216004,0,,,,,,,,,,,
1902,548,15.3411880216004,0,,,,,,,,,,,
1903,549,15.3411880216004,0,,,,,,,,,,,
1904,550,15.3411880216004,0,,,,,,,,,,,
1905,551,15.3411880216004,0,,,,,,,,,,,
1906,552,15.3411880216004,0,,,,,,,,,,,
1907,553,15.3411880216004,0,,,,,,,,,,,
1908,554,15.3411880216004,0,,,,,,,,,,,
1909,555,15.3411880216004,0,,,,,,,,,,,
1910,556,15.3411880216004,0,,,,,,,,,,,
1911,557,15.3411880216004,0,,,,,,,,,,,
1912,558,15.3411880216004,0,,,,,,,,,,,
1913,559,15.3411880216004,0,,,,,,,,,,,
1914,560,15.3411880216004,0,,,,,,,,,,,
1915,561,15.3411880216004,0,,,,,,,,,,,
1916,562,15.3411880216004,0,,,,,,,,,,,
1917,563,15.3411880216004,0,,,,,,,,,,,
1918,564,15.3411880216004,0,,,,,,,,,,,
1919,565,15.3411880216004,0,,,,,,,,,,,
1920,566,15.3411880216004,0,,,,,,,,,,,
1921,567,15.3411880216004,0,,,,,,,,,,,
1922,568,15.3411880216004,0,,,,,,,,,,,
1923,569,15.3411880216004,0,,,,,,,,,,,
1924,570,15.3411880216004,0,,,,,,,,,,,
1925,571,15.3411880216004,0,,,,,,,,,,,
1926,572,15.3411880216004,0,,,,,,,,,,,
1927,573,15.3411880216004,0,,,,,,,,,,,
1928,574,15.3411880216004,0,,,,,,,,,,,
1929,575,15.3411880216004,0,,,,,,,,,,,
1930,576,15.3411880216004,0,,,,,,,,,,,
1931,577,15.3411880216004,0,,,,,,,,,,,
1932,578,15.3411880216004,0,,,,,,,,,,,
1933,579,15.3411880216004,0,,,,,,,,,,,
1934,580,15.3411880216004,0,,,,,,,,,,,
1935,581,15.3411880216004,0,,,,,,,,,,,
1936,582,15.3411880216004,0,,,,,,,,,,,
1937,583,15.3411880216004,0,,,,,,,,,,,
1938,584,15.3411880216004,0,,,,,,,,,,,
1939,585,15.3411880216004,0,,,,,,,,,,,
1940,586,15.3411880216004,0,,,,,,,,,,,
1941,587,15.3411880216004,0,,,,,,,,,,,
1942,588,15.3411880216004,0,,,,,,,,,,,
1943,589,15.3411880216004,0,,,,,,,,,,,
1944,590,15.3411880216004,0,,,,,,,,,,,
1945,591,15.3411880216004,0,,,,,,,,,,,
1946,592,15.3411880216004,0,,,,,,,,,,,
1947,593,15.3411880216004,0,,,,,,,,,,,
1948,594,15.3411880216004,0,,,,,,,,,,,
1949,595,15.3411880216004,0,,,,,,,,,,,
1950,596,15.3411880216004,0,,,,,,,,,,,
1951,597,15.3411880216004,0,,,,,,,,,,,
1952,598,15.3411880216004,0,,,,,,,,,,,
1953,599,15.3411880216004,0,,,,,,,,,,,
1954,600,15.3411880216004,0,,,,,,,,,,,
1955,601,15.3411880216004,0,,,,,,,,,,,
1956,602,15.3411880216004,0,,,,,,,,,,,
1957,603,15.3411880216004,0,,,,,,,,,,,
1958,604,15.3411880216004,0,,,,,,,,,,,
1959,605,15.3411880216004,0,,,,,,,,,,,
1960,606,15.3411880216004,0,,,,,,,,,,,
1961,607,15.3411880216004,0,,,,,,,,,,,
1962,608,15.3411880216004,0,,,,,,,,,,,
1963,609,15.3411880216004,0,,,,,,,,,,,
1964,610,15.3411880216004,0,,,,,,,,,,,
1965,611,15.3411880216004,0,,,,,,,,,,,
1966,612,15.3411880216004,0,,,,,,,,,,,
1967,613,15.3411880216004,0,,,,,,,,,,,
1968,614,15.3411880216004,0,,,,,,,,,,,
1969,615,15.3411880216004,0,,,,,,,,,,,
1970,616,15.3411880216004,0,,,,,,,,,,,
1971,617,15.3411880216004,0,,,,,,,,,,,
1972,618,15.3411880216004,0,,,,,,,,,,,
1973,619,15.3411880216004,0,,,,,,,,,,,
1974,620,15.3411880216004,0,,,,,,,,,,,
1975,621,15.3411880216004,0,,,,,,,,,,,
1976,622,15.3411880216004,0,,,,,,,,,,,
1977,623,15.3411880216004,0,,,,,,,,,,,
1978,624,15.3411880216004,0,,,,,,,,,,,
1979,625,15.3411880216004,0,,,,,,,,,,,
1980,626,15.3411880216004,0,,,,,,,,,,,
1981,627,15.3411880216004,0,,,,,,,,,,,
1982,628,15.3411880216004,0,,,,,,,,,,,
1983,629,15.3411880216004,0,,,,,,,,,,,
1984,630,15.3411880216004,0,,,,,,,,,,,
1985,631,15.3411880216004,0,,,,,,,,,,,
1986,632,15.3411880216004,0,,,,,,,,,,,
1987,633,15.3411880216004,0,,,,,,,,,,,
1988,634,15.3411880216004,0,,,,,,,,,,,
1989,635,15.3411880216004,0,,,,,,,,,,,
1990,636,15.3411880216004,0,,,,,,,,,,,
1991,637,15.3411880216004,0,,,,,,,,,,,
1992,638,-15.3411880216004,0,,,,,,,,,,,
1993,639,-15.3411880216004,0,,,,,,,,,,,
1994,640,-15.3411880216004,0,,,,,,,,,,,
1995,641,-15.3411880216004,0,,,,,,,,,,,
1996,642,-15.3411880216004,0,,,,,,,,,,,
1997,643,-15.3411880216004,0,,,,,,,,,,,
1998,644,-15.3411880216004,0,,,,,,,,,,,
1999,645,-15.3411880216004,0,,,,,,,,,,,
2000,646,-15.3411880216004,0,,,,,,,,,,,
2001,647,-15.3411880216004,0,,,,,,,,,,,
2002,648,-15.3411880216004,0,,,,,,,,,,,
2003,649,-15.3411880216004,0,,,,,,,,,,,
2004,650,-15.3411880216004,0,,,,,,,,,,,
2005,651,-15.3411880216004,0,,,,,,,,,,,
2006,652,-15.3411880216004,0,,,,,,,,,,,
2007,653,-15.3411880216004,0,,,,,,,,,,,
2008,654,-15.3411880216004,0,,,,,,,,,,,
2009,655,-15.3411880216004,0,,,,,,,,,,,
2010,656,-15.3411880216004,0,,,,,,,,,,,
2011,657,-15.3411880216004,0,,,,,,,,,,,
2012,658,-15.3411880216004,0,,,,,,,,,,,
2013,659,-15.3411880216004,0,,,,,,,,,,,
2014,660,-15.3411880216004,0,,,,,,,,,,,
2015,661,-15.3411880216004,0,,,,,,,,,,,
2016,662,-15.3411880216004,0,,,,,,,,,,,
2017,663,-15.3411880216004,0,,,,,,,,,,,
2018,664,-15.3411880216004,0,,,,,,,,,,,
2019,665,-15.3411880216004,0,,,,,,,,,,,
2020,666,-15.3411880216004,0,,,,,,,,,,,
2021,667,-15.3411880216004,0,,,,,,,,,,,
2022,668,-15.3411880216004,0,,,,,,,,,,,
2023,669,-15.3411880216004,0,,,,,,,,,,,
2024,670,-15.3411880216004,0,,,,,,,,,,,
2025,671,-15.3411880216004,0,,,,,,,,,,,
2026,672,-15.3411880216004,0,,,,,,,,,,,
2027,673,-15.3411880216004,0,,,,,,,,,,,
2028,674,-15.3411880216004,0,,,,,,,,,,,
2029,675,-15.3411880216004,0,,,,,,,,,,,
2030,676,-15.3411880216004,0,,,,,,,,,,,
2031,677,-15.3411880216004,0,,,,,,,,,,,
2032,678,-15.3411880216004,0,,,,,,,,,,,
2033,679,-15.3411880216004,0,,,,,,,,,,,
2034,680,-15.3411880216004,0,,,,,,,,,,,
2035,681,-15.3411880216004,0,,,,,,,,,,,
2036,682,-15.3411880216004,0,,,,,,,,,,,
2037,683,-15.3411880216004,0,,,,,,,,,,,
2038,684,-15.3411880216004,0,,,,,,,,,,,
2039,685,-15.3411880216004,0,,,,,,,,,,,
2040,686,-15.3411880216004,0,,,,,,,,,,,
2041,687,-15.3411880216004,0,,,,,,,,,,,
2042,688,-15.3411880216004,0,,,,,,,,,,,
2043,689,-15.3411880216004,0,,,,,,,,,,,
2044,690,-15.3411880216004,0,,,,,,,,,,,
2045,691,-15.3411880216004,0,,,,,,,,,,,
2046,692,-15.3411880216004,0,,,,,,,,,,,
2047,693,-15.3411880216004,0,,,,,,,,,,,
2048,694,-15.3411880216004,0,,,,,,,,,,,
2049,695,-15.3411880216004,0,,,,,,,,,,,
2050,696,-15.3411880216004,0,,,,,,,,,,,
2051,697,-15.3411880216004,0,,,,,,,,,,,
2052,698,-15.3411880216004,0,,,,,,,,,,,
2053,699,-15.3411880216004,0,,,,,,,,,,,
2054,700,-15.3411880216004,0,,,,,,,,,,,
2055,701,-15.3411880216004,0,,,,,,,,,,,
2056,702,-15.3411880216004,0,,,,,,,,,,,
2057,703,-15.3411880216004,0,,,,,,,,,,,
2058,704,-15.3411880216004,0,,,,,,,,,,,
2059,705,-15.3411880216004,0,,,,,,,,,,,
2060,706,-15.3411880216004,0,,,,,,,,,,,
2061,707,-15.3411880216004,0,,,,,,,,,,,
2062,708,-15.3411880216004,0,,,,,,,,,,,
2063,709,-15.3411880216004,0,,,,,,,,,,,
2064,710,-15.3411880216004,0,,,,,,,,,,,
2065,711,-15.3411880216004,0,,,,,,,,,,,
2066,712,-15.3411880216004,0,,,,,,,,,,,
2067,713,-15.3411880216004,0,,,,,,,,,,,
2068,714,-15.3411880216004,0,,,,,,,,,,,
2069,715,-15.3411880216004,0,,,,,,,,,,,
2070,716,-15.3411880216004,0,,,,,,,,,,,
2071,717,-15.3411880216004,0,,,,,,,,,,,
2072,718,-15.3411880216004,0,,,,,,,,,,,
2073,719,-15.3411880216004,0,,,,,,,,,,,
2074,720,-15.3411880216004,0,,,,,,,,,,,
2075,721,-15.3411880216004,0,,,,,,,,,,,
2076,722,-15.3411880216004,0,,,,,,,,,,,
2077,723,-15.3411880216004,0,,,,,,,,,,,
2078,724,-15.3411880216004,0,,,,,,,,,,,
2079,725,-15.3411880216004,0,,,,,,,,,,,
2080,726,-15.3411880216004,0,,,,,,,,,,,
2081,727,-15.3411880216004,0,,,,,,,,,,,
2082,728,-15.3411880216004,0,,,,,,,,,,,
2083,729,-15.3411880216004,0,,,,,,,,,,,
2084,730,-15.3411880216004,0,,,,,,,,,,,
2085,731,-15.3411880216004,0,,,,,,,,,,,
2086,732,-15.3411880216004,0,,,,,,,,,,,
2087,733,-15.3411880216004,0,,,,,,,,,,,
2088,734,-15.3411880216004,0,,,,,,,,,,,
2089,735,-15.3411880216004,0,,,,,,,,,,,
2090,736,-15.3411880216004,0,,,,,,,,,,,
2091,737,-15.3411880216004,0,,,,,,,,,,,
2092,738,-15.3411880216004,0,,,,,,,,,,,
2093,739,-15.3411880216004,0,,,,,,,,,,,
2094,740,-15.3411880216004,0,,,,,,,,,,,
2095,741,-15.3411880216004,0,,,,,,,,,,,
2096,742,-15.3411880216004,0,,,,,,,,,,,
2097,743,-15.3411880216004,0,,,,,,,,,,,
2098,744,-15.3411880216004,0,,,,,,,,,,,
2099,745,-15.3411880216004,0,,,,,,,,,,,
2100,746,-15.3411880216004,0,,,,,,,,,,,
2101,747,-15.3411880216004,0,,,,,,,,,,,
2102,748,-15.3411880216004,0,,,,,,,,,,,
2103,749,-15.3411880216004,0,,,,,,,,,,,
2104,750,-15.3411880216004,0,,,,,,,,,,,
2105,751,-15.3411880216004,0,,,,,,,,,,,
2106,752,-15.3411880216004,0,,,,,,,,,,,
2107,753,-15.3411880216004,0,,,,,,,,,,,
2108,754,-15.3411880216004,0,,,,,,,,,,,
2109,755,-15.3411880216004,0,,,,,,,,,,,
2110,756,-15.3411880216004,0,,,,,,,,,,,
2111,757,-15.3411880216004,0,,,,,,,,,,,
2112,758,-15.3411880216004,0,,,,,,,,,,,
2113,759,-15.3411880216004,0,,,,,,,,,,,
2114,760,-15.3411880216004,0,,,,,,,,,,,
2115,761,-15.3411880216004,0,,,,,,,,,,,
2116,762,-15.3411880216004,0,,,,,,,,,,,
2117,763,-15.3411880216004,0,,,,,,,,,,,
2118,764,-15.3411880216004,0,,,,,,,,,,,
2119,765,-15.3411880216004,0,,,,,,,,,,,
2120,766,15.3411880216004,-10.4,,,,,,,,,,,
2121,767,15.3411880216004,-10.4,,,,,,,,,,,
2122,768,15.3411880216004,-10.4,,,,,,,,,,,
2123,769,15.3411880216004,-10.4,,,,,,,,,,,
2124,770,15.3411880216004,-10.4,,,,,,,,,,,
2125,771,15.3411880216004,-10.4,,,,,,,,,,,
2126,772,15.3411880216004,-10.4,,,,,,,,,,,
2127,773,15.3411880216004,-10.4,,,,,,,,,,,
2128,774,15.3411880216004,-10.4,,,,,,,,,,,
2129,775,15.3411880216004,-10.4,,,,,,,,,,,
2130,776,15.3411880216004,-10.4,,,,,,,,,,,
2131,777,15.3411880216004,-10.4,,,,,,,,,,,
2132,778,15.3411880216004,-10.4,,,,,,,,,,,
2133,779,15.3411880216004,-10.4,,,,,,,,,,,
2134,780,15.3411880216004,-10.4,,,,,,,,,,,
2135,781,15.3411880216004,-10.4,,,,,,,,,,,
2136,782,15.3411880216004,-10.4,,,,,,,,,,,
2137,783,15.3411880216004,-10.4,,,,,,,,,,,
2138,784,15.3411880216004,-10.4,,,,,,,,,,,
2139,785,15.3411880216004,-10.4,,,,,,,,,,,
2140,786,15.3411880216004,-10.4,,,,,,,,,,,
2141,787,15.3411880216004,-10.4,,,,,,,,,,,
2142,788,15.3411880216004,-10.4,,,,,,,,,,,
2143,789,15.3411880216004,-10.4,,,,,,,,,,,
2144,790,15.3411880216004,-10.4,,,,,,,,,,,
2145,791,15.3411880216004,-10.4,,,,,,,,,,,
2146,792,15.3411880216004,-10.4,,,,,,,,,,,
2147,793,15.3411880216004,-10.4,,,,,,,,,,,
2148,794,15.3411880216004,-10.4,,,,,,,,,,,
2149,795,15.3411880216004,-10.4,,,,,,,,,,,
2150,796,15.3411880216004,-10.4,,,,,,,,,,,
2151,797,15.3411880216004,-10.4,,,,,,,,,,,
2152,798,15.3411880216004,-10.4,,,,,,,,,,,
2153,799,15.3411880216004,-10.4,,,,,,,,,,,
2154,800,15.3411880216004,-10.4,,,,,,,,,,,
2155,801,15.3411880216004,-10.4,,,,,,,,,,,
2156,802,15.3411880216004,-10.4,,,,,,,,,,,
2157,803,15.3411880216004,-10.4,,,,,,,,,,,
2158,804,15.3411880216004,-10.4,,,,,,,,,,,
2159,805,15.3411880216004,-10.4,,,,,,,,,,,
2160,806,15.3411880216004,-10.4,,,,,,,,,,,
2161,807,15.3411880216004,-10.4,,,,,,,,,,,
2162,808,15.3411880216004,-10.4,,,,,,,,,,,
2163,809,15.3411880216004,-10.4,,,,,,,,,,,
2164,810,15.3411880216004,-10.4,,,,,,,,,,,
2165,811,15.3411880216004,-10.4,,,,,,,,,,,
2166,812,15.3411880216004,-10.4,,,,,,,,,,,
2167,813,15.3411880216004,-10.4,,,,,,,,,,,
2168,814,15.3411880216004,-10.4,,,,,,,,,,,
2169,815,15.3411880216004,-10.4,,,,,,,,,,,
2170,816,15.3411880216004,-10.4,,,,,,,,,,,
2171,817,15.3411880216004,-10.4,,,,,,,,,,,
2172,818,15.3411880216004,-10.4,,,,,,,,,,,
2173,819,15.3411880216004,-10.4,,,,,,,,,,,
2174,820,15.3411880216004,-10.4,,,,,,,,,,,
2175,821,15.3411880216004,-10.4,,,,,,,,,,,
2176,822,15.3411880216004,-10.4,,,,,,,,,,,
2177,823,15.3411880216004,-10.4,,,,,,,,,,,
2178,824,15.3411880216004,-10.4,,,,,,,,,,,
2179,825,15.3411880216004,-10.4,,,,,,,,,,,
2180,826,15.3411880216004,-10.4,,,,,,,,,,,
2181,827,15.3411880216004,-10.4,,,,,,,,,,,
2182,828,15.3411880216004,-10.4,,,,,,,,,,,
2183,829,15.3411880216004,-10.4,,,,,,,,,,,
2184,830,15.3411880216004,-10.4,,,,,,,,,,,
2185,831,15.3411880216004,-10.4,,,,,,,,,,,
2186,832,15.3411880216004,-10.4,,,,,,,,,,,
2187,833,15.3411880216004,-10.4,,,,,,,,,,,
2188,834,15.3411880216004,-10.4,,,,,,,,,,,
2189,835,15.3411880216004,-10.4,,,,,,,,,,,
2190,836,15.3411880216004,-10.4,,,,,,,,,,,
2191,837,15.3411880216004,-10.4,,,,,,,,,,,
2192,838,15.3411880216004,-10.4,,,,,,,,,,,
2193,839,15.3411880216004,-10.4,,,,,,,,,,,
2194,840,15.3411880216004,-10.4,,,,,,,,,,,
2195,841,15.3411880216004,-10.4,,,,,,,,,,,
2196,842,15.3411880216004,-10.4,,,,,,,,,,,
2197,843,15.3411880216004,-10.4,,,,,,,,,,,
2198,844,15.3411880216004,-10.4,,,,,,,,,,,
2199,845,15.3411880216004,-10.4,,,,,,,,,,,
2200,846,15.3411880216004,-10.4,,,,,,,,,,,
2201,847,15.3411880216004,-10.4,,,,,,,,,,,
2202,848,15.3411880216004,-10.4,,,,,,,,,,,
2203,849,15.3411880216004,-10.4,,,,,,,,,,,
2204,850,15.3411880216004,-10.4,,,,,,,,,,,
2205,851,15.3411880216004,-10.4,,,,,,,,,,,
2206,852,15.3411880216004,-10.4,,,,,,,,,,,
2207,853,15.3411880216004,-10.4,,,,,,,,,,,
2208,854,15.3411880216004,-10.4,,,,,,,,,,,
2209,855,15.3411880216004,-10.4,,,,,,,,,,,
2210,856,15.3411880216004,-10.4,,,,,,,,,,,
2211,857,15.3411880216004,-10.4,,,,,,,,,,,
2212,858,15.3411880216004,-10.4,,,,,,,,,,,
2213,859,15.3411880216004,-10.4,,,,,,,,,,,
2214,860,15.3411880216004,-10.4,,,,,,,,,,,
2215,861,15.3411880216004,-10.4,,,,,,,,,,,
2216,862,15.3411880216004,-10.4,,,,,,,,,,,
2217,863,15.3411880216004,-10.4,,,,,,,,,,,
2218,864,15.3411880216004,-10.4,,,,,,,,,,,
2219,865,15.3411880216004,-10.4,,,,,,,,,,,
2220,866,15.3411880216004,-10.4,,,,,,,,,,,
2221,867,15.3411880216004,-10.4,,,,,,,,,,,
2222,868,15.3411880216004,-10.4,,,,,,,,,,,
2223,869,15.3411880216004,-10.4,,,,,,,,,,,
2224,870,15.3411880216004,-10.4,,,,,,,,,,,
2225,871,15.3411880216004,-10.4,,,,,,,,,,,
2226,872,15.3411880216004,-10.4,,,,,,,,,,,
2227,873,15.3411880216004,-10.4,,,,,,,,,,,
2228,874,15.3411880216004,-10.4,,,,,,,,,,,
2229,875,15.3411880216004,-10.4,,,,,,,,,,,
2230,876,15.3411880216004,-10.4,,,,,,,,,,,
2231,877,15.3411880216004,-10.4,,,,,,,,,,,
2232,878,15.3411880216004,-10.4,,,,,,,,,,,
2233,879,15.3411880216004,-10.4,,,,,,,,,,,
2234,880,15.3411880216004,-10.4,,,,,,,,,,,
2235,881,15.3411880216004,-10.4,,,,,,,,,,,
2236,882,15.3411880216004,-10.4,,,,,,,,,,,
2237,883,15.3411880216004,-10.4,,,,,,,,,,,
2238,884,15.3411880216004,-10.4,,,,,,,,,,,
2239,885,15.3411880216004,-10.4,,,,,,,,,,,
2240,886,15.3411880216004,-10.4,,,,,,,,,,,
2241,887,15.3411880216004,-10.4,,,,,,,,,,,
2242,888,15.3411880216004,-10.4,,,,,,,,,,,
2243,889,15.3411880216004,-10.4,,,,,,,,,,,
2244,890,15.3411880216004,-10.4,,,,,,,,,,,
2245,891,15.3411880216004,-10.4,,,,,,,,,,,
2246,892,15.3411880216004,-10.4,,,,,,,,,,,
2247,893,15.3411880216004,-10.4,,,,,,,,,,,
2248,894,-15.3411880216004,-10.4,,,,,,,,,,,
2249,895,-15.3411880216004,-10.4,,,,,,,,,,,
2250,896,-15.3411880216004,-10.4,,,,,,,,,,,
2251,897,-15.3411880216004,-10.4,,,,,,,,,,,
2252,898,-15.3411880216004,-10.4,,,,,,,,,,,
2253,899,-15.3411880216004,-10.4,,,,,,,,,,,
2254,900,-15.3411880216004,-10.4,,,,,,,,,,,
2255,901,-15.3411880216004,-10.4,,,,,,,,,,,
2256,902,-15.3411880216004,-10.4,,,,,,,,,,,
2257,903,-15.3411880216004,-10.4,,,,,,,,,,,
2258,904,-15.3411880216004,-10.4,,,,,,,,,,,
2259,905,-15.3411880216004,-10.4,,,,,,,,,,,
2260,906,-15.3411880216004,-10.4,,,,,,,,,,,
2261,907,-15.3411880216004,-10.4,,,,,,,,,,,
2262,908,-15.3411880216004,-10.4,,,,,,,,,,,
2263,909,-15.3411880216004,-10.4,,,,,,,,,,,
2264,910,-15.3411880216004,-10.4,,,,,,,,,,,
2265,911,-15.3411880216004,-10.4,,,,,,,,,,,
2266,912,-15.3411880216004,-10.4,,,,,,,,,,,
2267,913,-15.3411880216004,-10.4,,,,,,,,,,,
2268,914,-15.3411880216004,-10.4,,,,,,,,,,,
2269,915,-15.3411880216004,-10.4,,,,,,,,,,,
2270,916,-15.3411880216004,-10.4,,,,,,,,,,,
2271,917,-15.3411880216004,-10.4,,,,,,,,,,,
2272,918,-15.3411880216004,-10.4,,,,,,,,,,,
2273,919,-15.3411880216004,-10.4,,,,,,,,,,,
2274,920,-15.3411880216004,-10.4,,,,,,,,,,,
2275,921,-15.3411880216004,-10.4,,,,,,,,,,,
2276,922,-15.3411880216004,-10.4,,,,,,,,,,,
2277,923,-15.3411880216004,-10.4,,,,,,,,,,,
2278,924,-15.3411880216004,-10.4,,,,,,,,,,,
2279,925,-15.3411880216004,-10.4,,,,,,,,,,,
2280,926,-15.3411880216004,-10.4,,,,,,,,,,,
2281,927,-15.3411880216004,-10.4,,,,,,,,,,,
2282,928,-15.3411880216004,-10.4,,,,,,,,,,,
2283,929,-15.3411880216004,-10.4,,,,,,,,,,,
2284,930,-15.3411880216004,-10.4,,,,,,,,,,,
2285,931,-15.3411880216004,-10.4,,,,,,,,,,,
2286,932,-15.3411880216004,-10.4,,,,,,,,,,,
2287,933,-15.3411880216004,-10.4,,,,,,,,,,,
2288,934,-15.3411880216004,-10.4,,,,,,,,,,,
2289,935,-15.3411880216004,-10.4,,,,,,,,,,,
2290,936,-15.3411880216004,-10.4,,,,,,,,,,,
2291,937,-15.3411880216004,-10.4,,,,,,,,,,,
2292,938,-15.3411880216004,-10.4,,,,,,,,,,,
2293,939,-15.3411880216004,-10.4,,,,,,,,,,,
2294,940,-15.3411880216004,-10.4,,,,,,,,,,,
2295,941,-15.3411880216004,-10.4,,,,,,,,,,,
2296,942,-15.3411880216004,-10.4,,,,,,,,,,,
2297,943,-15.3411880216004,-10.4,,,,,,,,,,,
2298,944,-15.3411880216004,-10.4,,,,,,,,,,,
2299,945,-15.3411880216004,-10.4,,,,,,,,,,,
2300,946,-15.3411880216004,-10.4,,,,,,,,,,,
2301,947,-15.3411880216004,-10.4,,,,,,,,,,,
2302,948,-15.3411880216004,-10.4,,,,,,,,,,,
2303,949,-15.3411880216004,-10.4,,,,,,,,,,,
2304,950,-15.3411880216004,-10.4,,,,,,,,,,,
2305,951,-15.3411880216004,-10.4,,,,,,,,,,,
2306,952,-15.3411880216004,-10.4,,,,,,,,,,,
2307,953,-15.3411880216004,-10.4,,,,,,,,,,,
2308,954,-15.3411880216004,-10.4,,,,,,,,,,,
2309,955,-15.3411880216004,-10.4,,,,,,,,,,,
2310,956,-15.3411880216004,-10.4,,,,,,,,,,,
2311,957,-15.3411880216004,-10.4,,,,,,,,,,,
2312,958,-15.3411880216004,-10.4,,,,,,,,,,,
2313,959,-15.3411880216004,-10.4,,,,,,,,,,,
2314,960,-15.3411880216004,-10.4,,,,,,,,,,,
2315,961,-15.3411880216004,-10.4,,,,,,,,,,,
2316,962,-15.3411880216004,-10.4,,,,,,,,,,,
2317,963,-15.3411880216004,-10.4,,,,,,,,,,,
2318,964,-15.3411880216004,-10.4,,,,,,,,,,,
2319,965,-15.3411880216004,-10.4,,,,,,,,,,,
2320,966,-15.3411880216004,-10.4,,,,,,,,,,,
2321,967,-15.3411880216004,-10.4,,,,,,,,,,,
2322,968,-15.3411880216004,-10.4,,,,,,,,,,,
2323,969,-15.3411880216004,-10.4,,,,,,,,,,,
2324,970,-15.3411880216004,-10.4,,,,,,,,,,,
2325,971,-15.3411880216004,-10.4,,,,,,,,,,,
2326,972,-15.3411880216004,-10.4,,,,,,,,,,,
2327,973,-15.3411880216004,-10.4,,,,,,,,,,,
2328,974,-15.3411880216004,-10.4,,,,,,,,,,,
2329,975,-15.3411880216004,-10.4,,,,,,,,,,,
2330,976,-15.3411880216004,-10.4,,,,,,,,,,,
2331,977,-15.3411880216004,-10.4,,,,,,,,,,,
2332,978,-15.3411880216004,-10.4,,,,,,,,,,,
2333,979,-15.3411880216004,-10.4,,,,,,,,,,,
2334,980,-15.3411880216004,-10.4,,,,,,,,,,,
2335,981,-15.3411880216004,-10.4,,,,,,,,,,,
2336,982,-15.3411880216004,-10.4,,,,,,,,,,,
2337,983,-15.3411880216004,-10.4,,,,,,,,,,,
2338,984,-15.3411880216004,-10.4,,,,,,,,,,,
2339,985,-15.3411880216004,-10.4,,,,,,,,,,,
2340,986,-15.3411880216004,-10.4,,,,,,,,,,,
2341,987,-15.3411880216004,-10.4,,,,,,,,,,,
2342,988,-15.3411880216004,-10.4,,,,,,,,,,,
2343,989,-15.3411880216004,-10.4,,,,,,,,,,,
2344,990,-15.3411880216004,-10.4,,,,,,,,,,,
2345,991,-15.3411880216004,-10.4,,,,,,,,,,,
2346,992,-15.3411880216004,-10.4,,,,,,,,,,,
2347,993,-15.3411880216004,-10.4,,,,,,,,,,,
2348,994,-15.3411880216004,-10.4,,,,,,,,,,,
2349,995,-15.3411880216004,-10.4,,,,,,,,,,,
2350,996,-15.3411880216004,-10.4,,,,,,,,,,,
2351,997,-15.3411880216004,-10.4,,,,,,,,,,,
2352,998,-15.3411880216004,-10.4,,,,,,,,,,,
2353,999,-15.3411880216004,-10.4,,,,,,,,,,,
2354,1000,-15.3411880216004,-10.4,,,,,,,,,,,
2355,1001,-15.3411880216004,-10.4,,,,,,,,,,,
2356,1002,-15.3411880216004,-10.4,,,,,,,,,,,
2357,1003,-15.3411880216004,-10.4,,,,,,,,,,,
2358,1004,-15.3411880216004,-10.4,,,,,,,,,,,
2359,1005,-15.3411880216004,-10.4,,,,,,,,,,,
2360,1006,-15.3411880216004,-10.4,,,,,,,,,,,
2361,1007,-15.3411880216004,-10.4,,,,,,,,,,,
2362,1008,-15.3411880216004,-10.4,,,,,,,,,,,
2363,1009,-15.3411880216004,-10.4,,,,,,,,,,,
2364,1010,-15.3411880216004,-10.4,,,,,,,,,,,
2365,1011,-15.3411880216004,-10.4,,,,,,,,,,,
2366,1012,-15.3411880216004,-10.4,,,,,,,,,,,
2367,1013,-15.3411880216004,-10.4,,,,,,,,,,,
2368,1014,-15.3411880216004,-10.4,,,,,,,,,,,
2369,1015,-15.3411880216004,-10.4,,,,,,,,,,,
2370,1016,-15.3411880216004,-10.4,,,,,,,,,,,
2371,1017,-15.3411880216004,-10.4,,,,,,,,,,,
2372,1018,-15.3411880216004,-10.4,,,,,,,,,,,
2373,1019,-15.3411880216004,-10.4,,,,,,,,,,,
2374,1020,-15.3411880216004,-10.4,,,,,,,,,,,
2375,1021,-15.3411880216004,-10.4,,,,,,,,,,,
2376,1022,15.3411880216004,10.4,,,,,,,,,,,
2377,1023,15.3411880216004,10.4,,,,,,,,,,,
2378,1024,15.3411880216004,10.4,,,,,,,,,,,
2379,1025,15.3411880216004,10.4,,,,,,,,,,,
2380,1026,15.3411880216004,10.4,,,,,,,,,,,
2381,1027,15.3411880216004,10.4,,,,,,,,,,,
2382,1028,15.3411880216004,10.4,,,,,,,,,,,
2383,1029,15.3411880216004,10.4,,,,,,,,,,,
2384,1030,15.3411880216004,10.4,,,,,,,,,,,
2385,1031,15.3411880216004,10.4,,,,,,,,,,,
2386,1032,15.3411880216004,10.4,,,,,,,,,,,
2387,1033,15.3411880216004,10.4,,,,,,,,,,,
2388,1034,15.3411880216004,10.4,,,,,,,,,,,
2389,1035,15.3411880216004,10.4,,,,,,,,,,,
2390,1036,15.3411880216004,10.4,,,,,,,,,,,
2391,1037,15.3411880216004,10.4,,,,,,,,,,,
2392,1038,15.3411880216004,10.4,,,,,,,,,,,
2393,1039,15.3411880216004,10.4,,,,,,,,,,,
2394,1040,15.3411880216004,10.4,,,,,,,,,,,
2395,1041,15.3411880216004,10.4,,,,,,,,,,,
2396,1042,15.3411880216004,10.4,,,,,,,,,,,
2397,1043,15.3411880216004,10.4,,,,,,,,,,,
2398,1044,15.3411880216004,10.4,,,,,,,,,,,
2399,1045,15.3411880216004,10.4,,,,,,,,,,,
2400,1046,15.3411880216004,10.4,,,,,,,,,,,
2401,1047,15.3411880216004,10.4,,,,,,,,,,,
2402,1048,15.3411880216004,10.4,,,,,,,,,,,
2403,1049,15.3411880216004,10.4,,,,,,,,,,,
2404,1050,15.3411880216004,10.4,,,,,,,,,,,
2405,1051,15.3411880216004,10.4,,,,,,,,,,,
2406,1052,15.3411880216004,10.4,,,,,,,,,,,
2407,1053,15.3411880216004,10.4,,,,,,,,,,,
2408,1054,15.3411880216004,10.4,,,,,,,,,,,
2409,1055,15.3411880216004,10.4,,,,,,,,,,,
2410,1056,15.3411880216004,10.4,,,,,,,,,,,
2411,1057,15.3411880216004,10.4,,,,,,,,,,,
2412,1058,15.3411880216004,10.4,,,,,,,,,,,
2413,1059,15.3411880216004,10.4,,,,,,,,,,,
2414,1060,15.3411880216004,10.4,,,,,,,,,,,
2415,1061,15.3411880216004,10.4,,,,,,,,,,,
2416,1062,15.3411880216004,10.4,,,,,,,,,,,
2417,1063,15.3411880216004,10.4,,,,,,,,,,,
2418,1064,15.3411880216004,10.4,,,,,,,,,,,
2419,1065,15.3411880216004,10.4,,,,,,,,,,,
2420,1066,15.3411880216004,10.4,,,,,,,,,,,
2421,1067,15.3411880216004,10.4,,,,,,,,,,,
2422,1068,15.3411880216004,10.4,,,,,,,,,,,
2423,1069,15.3411880216004,10.4,,,,,,,,,,,
2424,1070,15.3411880216004,10.4,,,,,,,,,,,
2425,1071,15.3411880216004,10.4,,,,,,,,,,,
2426,1072,15.3411880216004,10.4,,,,,,,,,,,
2427,1073,15.3411880216004,10.4,,,,,,,,,,,
2428,1074,15.3411880216004,10.4,,,,,,,,,,,
2429,1075,15.3411880216004,10.4,,,,,,,,,,,
2430,1076,15.3411880216004,10.4,,,,,,,,,,,
2431,1077,15.3411880216004,10.4,,,,,,,,,,,
2432,1078,15.3411880216004,10.4,,,,,,,,,,,
2433,1079,15.3411880216004,10.4,,,,,,,,,,,
2434,1080,15.3411880216004,10.4,,,,,,,,,,,
2435,1081,15.3411880216004,10.4,,,,,,,,,,,
2436,1082,15.3411880216004,10.4,,,,,,,,,,,
2437,1083,15.3411880216004,10.4,,,,,,,,,,,
2438,1084,15.3411880216004,10.4,,,,,,,,,,,
2439,1085,15.3411880216004,10.4,,,,,,,,,,,
2440,1086,15.3411880216004,10.4,,,,,,,,,,,
2441,1087,15.3411880216004,10.4,,,,,,,,,,,
2442,1088,15.3411880216004,10.4,,,,,,,,,,,
2443,1089,15.3411880216004,10.4,,,,,,,,,,,
2444,1090,15.3411880216004,10.4,,,,,,,,,,,
2445,1091,15.3411880216004,10.4,,,,,,,,,,,
2446,1092,15.3411880216004,10.4,,,,,,,,,,,
2447,1093,15.3411880216004,10.4,,,,,,,,,,,
2448,1094,15.3411880216004,10.4,,,,,,,,,,,
2449,1095,15.3411880216004,10.4,,,,,,,,,,,
2450,1096,15.3411880216004,10.4,,,,,,,,,,,
2451,1097,15.3411880216004,10.4,,,,,,,,,,,
2452,1098,15.3411880216004,10.4,,,,,,,,,,,
2453,1099,15.3411880216004,10.4,,,,,,,,,,,
2454,1100,15.3411880216004,10.4,,,,,,,,,,,
2455,1101,15.3411880216004,10.4,,,,,,,,,,,
2456,1102,15.3411880216004,10.4,,,,,,,,,,,
2457,1103,15.3411880216004,10.4,,,,,,,,,,,
2458,1104,15.3411880216004,10.4,,,,,,,,,,,
2459,1105,15.3411880216004,10.4,,,,,,,,,,,
2460,1106,15.3411880216004,10.4,,,,,,,,,,,
2461,1107,15.3411880216004,10.4,,,,,,,,,,,
2462,1108,15.3411880216004,10.4,,,,,,,,,,,
2463,1109,15.3411880216004,10.4,,,,,,,,,,,
2464,1110,15.3411880216004,10.4,,,,,,,,,,,
2465,1111,15.3411880216004,10.4,,,,,,,,,,,
2466,1112,15.3411880216004,10.4,,,,,,,,,,,
2467,1113,15.3411880216004,10.4,,,,,,,,,,,
2468,1114,15.3411880216004,10.4,,,,,,,,,,,
2469,1115,15.3411880216004,10.4,,,,,,,,,,,
2470,1116,15.3411880216004,10.4,,,,,,,,,,,
2471,1117,15.3411880216004,10.4,,,,,,,,,,,
2472,1118,15.3411880216004,10.4,,,,,,,,,,,
2473,1119,15.3411880216004,10.4,,,,,,,,,,,
2474,1120,15.3411880216004,10.4,,,,,,,,,,,
2475,1121,15.3411880216004,10.4,,,,,,,,,,,
2476,1122,15.3411880216004,10.4,,,,,,,,,,,
2477,1123,15.3411880216004,10.4,,,,,,,,,,,
2478,1124,15.3411880216004,10.4,,,,,,,,,,,
2479,1125,15.3411880216004,10.4,,,,,,,,,,,
2480,1126,15.3411880216004,10.4,,,,,,,,,,,
2481,1127,15.3411880216004,10.4,,,,,,,,,,,
2482,1128,15.3411880216004,10.4,,,,,,,,,,,
2483,1129,15.3411880216004,10.4,,,,,,,,,,,
2484,1130,15.3411880216004,10.4,,,,,,,,,,,
2485,1131,15.3411880216004,10.4,,,,,,,,,,,
2486,1132,15.3411880216004,10.4,,,,,,,,,,,
2487,1133,15.3411880216004,10.4,,,,,,,,,,,
2488,1134,15.3411880216004,10.4,,,,,,,,,,,
2489,1135,15.3411880216004,10.4,,,,,,,,,,,
2490,1136,15.3411880216004,10.4,,,,,,,,,,,
2491,1137,15.3411880216004,10.4,,,,,,,,,,,
2492,1138,15.3411880216004,10.4,,,,,,,,,,,
2493,1139,15.3411880216004,10.4,,,,,,,,,,,
2494,1140,15.3411880216004,10.4,,,,,,,,,,,
2495,1141,15.3411880216004,10.4,,,,,,,,,,,
2496,1142,15.3411880216004,10.4,,,,,,,,,,,
2497,1143,15.3411880216004,10.4,,,,,,,,,,,
2498,1144,15.3411880216004,10.4,,,,,,,,,,,
2499,1145,15.3411880216004,10.4,,,,,,,,,,,
2500,1146,15.3411880216004,10.4,,,,,,,,,,,
2501,1147,15.3411880216004,10.4,,,,,,,,,,,
2502,1148,15.3411880216004,10.4,,,,,,,,,,,
2503,1149,-15.3411880216004,10.4,,,,,,,,,,,
2504,1150,-15.3411880216004,10.4,,,,,,,,,,,
2505,1151,-15.3411880216004,10.4,,,,,,,,,,,
2506,1152,-15.3411880216004,10.4,,,,,,,,,,,
2507,1153,-15.3411880216004,10.4,,,,,,,,,,,
2508,1154,-15.3411880216004,10.4,,,,,,,,,,,
2509,1155,-15.3411880216004,10.4,,,,,,,,,,,
2510,1156,-15.3411880216004,10.4,,,,,,,,,,,
2511,1157,-15.3411880216004,10.4,,,,,,,,,,,
2512,1158,-15.3411880216004,10.4,,,,,,,,,,,
2513,1159,-15.3411880216004,10.4,,,,,,,,,,,
2514,1160,-15.3411880216004,10.4,,,,,,,,,,,
2515,1161,-15.3411880216004,10.4,,,,,,,,,,,
2516,1162,-15.3411880216004,10.4,,,,,,,,,,,
2517,1163,-15.3411880216004,10.4,,,,,,,,,,,
2518,1164,-15.3411880216004,10.4,,,,,,,,,,,
2519,1165,-15.3411880216004,10.4,,,,,,,,,,,
2520,1166,-15.3411880216004,10.4,,,,,,,,,,,
2521,1167,-15.3411880216004,10.4,,,,,,,,,,,
2522,1168,-15.3411880216004,10.4,,,,,,,,,,,
2523,1169,-15.3411880216004,10.4,,,,,,,,,,,
2524,1170,-15.3411880216004,10.4,,,,,,,,,,,
2525,1171,-15.3411880216004,10.4,,,,,,,,,,,
2526,1172,-15.3411880216004,10.4,,,,,,,,,,,
2527,1173,-15.3411880216004,10.4,,,,,,,,,,,
2528,1174,-15.3411880216004,10.4,,,,,,,,,,,
2529,1175,-15.3411880216004,10.4,,,,,,,,,,,
2530,1176,-15.3411880216004,10.4,,,,,,,,,,,
2531,1177,-15.3411880216004,10.4,,,,,,,,,,,
2532,1178,-15.3411880216004,10.4,,,,,,,,,,,
2533,1179,-15.3411880216004,10.4,,,,,,,,,,,
2534,1180,-15.3411880216004,10.4,,,,,,,,,,,
2535,1181,-15.3411880216004,10.4,,,,,,,,,,,
2536,1182,-15.3411880216004,10.4,,,,,,,,,,,
2537,1183,-15.3411880216004,10.4,,,,,,,,,,,
2538,1184,-15.3411880216004,10.4,,,,,,,,,,,
2539,1185,-15.3411880216004,10.4,,,,,,,,,,,
2540,1186,-15.3411880216004,10.4,,,,,,,,,,,
2541,1187,-15.3411880216004,10.4,,,,,,,,,,,
2542,1188,-15.3411880216004,10.4,,,,,,,,,,,
2543,1189,-15.3411880216004,10.4,,,,,,,,,,,
2544,1190,-15.3411880216004,10.4,,,,,,,,,,,
2545,1191,-15.3411880216004,10.4,,,,,,,,,,,
2546,1192,-15.3411880216004,10.4,,,,,,,,,,,
2547,1193,-15.3411880216004,10.4,,,,,,,,,,,
2548,1194,-15.3411880216004,10.4,,,,,,,,,,,
2549,1195,-15.3411880216004,10.4,,,,,,,,,,,
2550,1196,-15.3411880216004,10.4,,,,,,,,,,,
2551,1197,-15.3411880216004,10.4,,,,,,,,,,,
2552,1198,-15.3411880216004,10.4,,,,,,,,,,,
2553,1199,-15.3411880216004,10.4,,,,,,,,,,,
2554,1200,-15.3411880216004,10.4,,,,,,,,,,,
2555,1201,-15.3411880216004,10.4,,,,,,,,,,,
2556,1202,-15.3411880216004,10.4,,,,,,,,,,,
2557,1203,-15.3411880216004,10.4,,,,,,,,,,,
2558,1204,-15.3411880216004,10.4,,,,,,,,,,,
2559,1205,-15.3411880216004,10.4,,,,,,,,,,,
2560,1206,-15.3411880216004,10.4,,,,,,,,,,,
2561,1207,-15.3411880216004,10.4,,,,,,,,,,,
2562,1208,-15.3411880216004,10.4,,,,,,,,,,,
2563,1209,-15.3411880216004,10.4,,,,,,,,,,,
2564,1210,-15.3411880216004,10.4,,,,,,,,,,,
2565,1211,-15.3411880216004,10.4,,,,,,,,,,,
2566,1212,-15.3411880216004,10.4,,,,,,,,,,,
2567,1213,-15.3411880216004,10.4,,,,,,,,,,,
2568,1214,-15.3411880216004,10.4,,,,,,,,,,,
2569,1215,-15.3411880216004,10.4,,,,,,,,,,,
2570,1216,-15.3411880216004,10.4,,,,,,,,,,,
2571,1217,-15.3411880216004,10.4,,,,,,,,,,,
2572,1218,-15.3411880216004,10.4,,,,,,,,,,,
2573,1219,-15.3411880216004,10.4,,,,,,,,,,,
2574,1220,-15.3411880216004,10.4,,,,,,,,,,,
2575,1221,-15.3411880216004,10.4,,,,,,,,,,,
2576,1222,-15.3411880216004,10.4,,,,,,,,,,,
2577,1223,-15.3411880216004,10.4,,,,,,,,,,,
2578,1224,-15.3411880216004,10.4,,,,,,,,,,,
2579,1225,-15.3411880216004,10.4,,,,,,,,,,,
2580,1226,-15.3411880216004,10.4,,,,,,,,,,,
2581,1227,-15.3411880216004,10.4,,,,,,,,,,,
2582,1228,-15.3411880216004,10.4,,,,,,,,,,,
2583,1229,-15.3411880216004,10.4,,,,,,,,,,,
2584,1230,-15.3411880216004,10.4,,,,,,,,,,,
2585,1231,-15.3411880216004,10.4,,,,,,,,,,,
2586,1232,-15.3411880216004,10.4,,,,,,,,,,,
2587,1233,-15.3411880216004,10.4,,,,,,,,,,,
2588,1234,-15.3411880216004,10.4,,,,,,,,,,,
2589,1235,-15.3411880216004,10.4,,,,,,,,,,,
2590,1236,-15.3411880216004,10.4,,,,,,,,,,,
2591,1237,-15.3411880216004,10.4,,,,,,,,,,,
2592,1238,-15.3411880216004,10.4,,,,,,,,,,,
2593,1239,-15.3411880216004,10.4,,,,,,,,,,,
2594,1240,-15.3411880216004,10.4,,,,,,,,,,,
2595,1241,-15.3411880216004,10.4,,,,,,,,,,,
2596,1242,-15.3411880216004,10.4,,,,,,,,,,,
2597,1243,-15.3411880216004,10.4,,,,,,,,,,,
2598,1244,-15.3411880216004,10.4,,,,,,,,,,,
2599,1245,-15.3411880216004,10.4,,,,,,,,,,,
2600,1246,-15.3411880216004,10.4,,,,,,,,,,,
2601,1247,-15.3411880216004,10.4,,,,,,,,,,,
2602,1248,-15.3411880216004,10.4,,,,,,,,,,,
2603,1249,-15.3411880216004,10.4,,,,,,,,,,,
2604,1250,-15.3411880216004,10.4,,,,,,,,,,,
2605,1251,-15.3411880216004,10.4,,,,,,,,,,,
2606,1252,-15.3411880216004,10.4,,,,,,,,,,,
2607,1253,-15.3411880216004,10.4,,,,,,,,,,,
2608,1254,-15.3411880216004,10.4,,,,,,,,,,,
2609,1255,-15.3411880216004,10.4,,,,,,,,,,,
2610,1256,-15.3411880216004,10.4,,,,,,,,,,,
2611,1257,-15.3411880216004,10.4,,,,,,,,,,,
2612,1258,-15.3411880216004,10.4,,,,,,,,,,,
2613,1259,-15.3411880216004,10.4,,,,,,,,,,,
2614,1260,-15.3411880216004,10.4,,,,,,,,,,,
2615,1261,-15.3411880216004,10.4,,,,,,,,,,,
2616,1262,-15.3411880216004,10.4,,,,,,,,,,,
2617,1263,-15.3411880216004,10.4,,,,,,,,,,,
2618,1264,-15.3411880216004,10.4,,,,,,,,,,,
2619,1265,-15.3411880216004,10.4,,,,,,,,,,,
2620,1266,-15.3411880216004,10.4,,,,,,,,,,,
2621,1267,-15.3411880216004,10.4,,,,,,,,,,,
2622,1268,-15.3411880216004,10.4,,,,,,,,,,,
2623,1269,-15.3411880216004,10.4,,,,,,,,,,,
2624,1270,-15.3411880216004,10.4,,,,,,,,,,,
2625,1271,-15.3411880216004,10.4,,,,,,,,,,,
2626,1272,-15.3411880216004,10.4,,,,,,,,,,,
2627,1273,-15.3411880216004,10.4,,,,,,,,,,,
2628,1274,-15.3411880216004,10.4,,,,,,,,,,,
2629,1275,-15.3411880216004,10.4,,,,,,,,,,,
2630,1276,-15.3411880216004,10.4,,,,,,,,,,,
2631,1277,0,0,,,,,,,,,,,
2632,1278,0,0,,,,,,,,,,,
2633,1279,0,0,,,,,,,,,,,
2634,1280,0,0,,,,,,,,,,,
2635,1281,0,0,,,,,,,,,,,
2636,1282,0,0,,,,,,,,,,,
2637,1283,0,0,,,,,,,,,,,
2638,1284,0,0,,,,,,,,,,,
2639,1285,0,0,,,,,,,,,,,
2640,1286,0,0,,,,,,,,,,,
2641,1287,0,0,,,,,,,,,,,
2642,1288,0,0,,,,,,,,,,,
2643,1289,0,0,,,,,,,,,,,
2644,1290,0,0,,,,,,,,,,,
2645,1291,0,0,,,,,,,,,,,
2646,1292,0,0,,,,,,,,,,,
2647,1293,0,0,,,,,,,,,,,
2648,1294,0,0,,,,,,,,,,,
2649,1295,0,0,,,,,,,,,,,
2650,1296,0,0,,,,,,,,,,,
2651,1297,0,0,,,,,,,,,,,
2652,1298,0,0,,,,,,,,,,,
2653,1299,0,0,,,,,,,,,,,
2654,1300,0,0,,,,,,,,,,,
2655,1301,0,0,,,,,,,,,,,
2656,1302,0,0,,,,,,,,,,,
2657,1303,0,0,,,,,,,,,,,
2658,1304,0,0,,,,,,,,,,,
2659,1305,0,0,,,,,,,,,,,
2660,1306,0,0,,,,,,,,,,,
2661,1307,0,0,,,,,,,,,,,
2662,1308,0,0,,,,,,,,,,,
2663,1309,0,0,,,,,,,,,,,
2664,1310,0,0,,,,,,,,,,,
2665,1311,0,0,,,,,,,,,,,
2666,1312,0,0,,,,,,,,,,,
2667,1313,0,0,,,,,,,,,,,
2668,1314,0,0,,,,,,,,,,,
2669,1315,0,0,,,,,,,,,,,
2670,1316,0,0,,,,,,,,,,,
2671,1317,0,0,,,,,,,,,,,
2672,1318,0,0,,,,,,,,,,,
2673,1319,0,0,,,,,,,,,,,
2674,1320,0,0,,,,,,,,,,,
2675,1321,0,0,,,,,,,,,,,
2676,1322,0,0,,,,,,,,,,,
2677,1323,0,0,,,,,,,,,,,
2678,1324,0,0,,,,,,,,,,,
2679,1325,0,0,,,,,,,,,,,
2680,1326,0,0,,,,,,,,,,,
2681,1327,0,0,,,,,,,,,,,
2682,1328,0,0,,,,,,,,,,,
2683,1329,0,0,,,,,,,,,,,
2684,1330,0,0,,,,,,,,,,,
2685,1331,0,0,,,,,,,,,,,
2686,1332,0,0,,,,,,,,,,,
2687,1333,0,0,,,,,,,,,,,
2688,1334,0,0,,,,,,,,,,,
2689,1335,0,0,,,,,,,,,,,
2690,1336,0,0,,,,,,,,,,,
2691,1337,0,0,,,,,,,,,,,
2692,1338,0,0,,,,,,,,,,,
2693,1339,0,0,,,,,,,,,,,
2694,1340,0,0,,,,,,,,,,,
2695,1341,0,0,,,,,,,,,,,
2696,1342,0,0,,,,,,,,,,,
2697,1343,0,0,,,,,,,,,,,
2698,1344,0,0,,,,,,,,,,,
2699,1345,0,0,,,,,,,,,,,
2700,1346,0,0,,,,,,,,,,,
2701,1347,0,0,,,,,,,,,,,
2702,1348,0,0,,,,,,,,,,,
2703,1349,0,0,,,,,,,,,,,
2704,1350,0,0,,,,,,,,,,,
